timestamp, clocks.current.sm [MHz], clocks.current.memory [MHz], power.draw [W], temperature.gpu, utilization.gpu [%]
2026/09/30 14:40:03.752, 208, [N/A], 4.72, 38, 0
2026/09/30 14:40:04.762, 2405, [N/A], 8.00, 39, 0
2026/09/30 14:40:05.762, 2405, [N/A], 10.77, 39, 1
2026/09/30 14:40:06.762, 2405, [N/A], 11.06, 40, 2
2026/09/30 14:40:07.763, 2405, [N/A], 11.09, 40, 2
2026/09/30 14:40:08.763, 2405, [N/A], 11.07, 40, 0
2026/09/30 14:40:09.763, 2405, [N/A], 10.74, 40, 0
2026/09/30 14:40:10.763, 2405, [N/A], 10.79, 40, 0
2026/09/30 14:40:11.764, 2405, [N/A], 10.82, 40, 0
2026/09/30 14:40:12.764, 2405, [N/A], 10.80, 40, 0
2026/09/30 14:40:13.764, 2405, [N/A], 10.79, 40, 0
2026/09/30 14:40:14.765, 2405, [N/A], 10.88, 40, 0
2026/09/30 14:40:15.765, 2405, [N/A], 10.82, 40, 0
2026/09/30 14:40:16.765, 2405, [N/A], 10.83, 41, 0
2026/09/30 14:40:17.766, 2405, [N/A], 10.88, 41, 0
2026/09/30 14:40:18.766, 2405, [N/A], 10.86, 41, 0
2026/09/30 14:40:19.766, 2405, [N/A], 10.86, 41, 0
2026/09/30 14:40:20.766, 2405, [N/A], 11.08, 41, 0
2026/09/30 14:40:21.766, 2405, [N/A], 10.88, 41, 0
2026/09/30 14:40:22.767, 2405, [N/A], 10.88, 41, 0
2026/09/30 14:40:23.767, 2405, [N/A], 10.89, 41, 0
2026/09/30 14:40:24.767, 2405, [N/A], 10.97, 41, 0
2026/09/30 14:40:25.767, 2405, [N/A], 10.90, 42, 0
2026/09/30 14:40:26.768, 2405, [N/A], 10.89, 42, 0
2026/09/30 14:40:27.768, 2405, [N/A], 10.94, 42, 0
2026/09/30 14:40:28.768, 2405, [N/A], 10.92, 42, 0
2026/09/30 14:40:29.768, 2405, [N/A], 11.08, 42, 10
2026/09/30 14:40:30.769, 2405, [N/A], 11.03, 42, 0
2026/09/30 14:40:31.769, 2405, [N/A], 10.94, 42, 0
2026/09/30 14:40:32.770, 2405, [N/A], 10.98, 42, 0
2026/09/30 14:40:33.770, 2405, [N/A], 11.05, 42, 0
2026/09/30 14:40:34.770, 2405, [N/A], 10.97, 42, 0
2026/09/30 14:40:35.770, 2405, [N/A], 10.98, 42, 0
2026/09/30 14:40:36.770, 2405, [N/A], 10.97, 42, 0
2026/09/30 14:40:37.771, 2405, [N/A], 11.01, 42, 0
2026/09/30 14:40:38.771, 2405, [N/A], 11.04, 43, 0
2026/09/30 14:40:39.771, 2405, [N/A], 11.24, 43, 0
2026/09/30 14:40:40.771, 2405, [N/A], 11.11, 43, 0
2026/09/30 14:40:41.772, 2405, [N/A], 11.08, 43, 0
2026/09/30 14:40:42.772, 2405, [N/A], 11.15, 43, 10
2026/09/30 14:40:43.772, 2405, [N/A], 11.10, 43, 0
2026/09/30 14:40:44.772, 2405, [N/A], 11.12, 43, 0
2026/09/30 14:40:45.772, 2405, [N/A], 11.14, 43, 0
2026/09/30 14:40:46.773, 2405, [N/A], 11.12, 43, 0
2026/09/30 14:40:47.773, 2405, [N/A], 11.17, 43, 0
2026/09/30 14:40:48.773, 2405, [N/A], 11.31, 43, 1
2026/09/30 14:40:49.773, 2405, [N/A], 11.25, 43, 0
2026/09/30 14:40:50.774, 2405, [N/A], 11.16, 43, 0
2026/09/30 14:40:51.774, 2405, [N/A], 11.13, 43, 0
2026/09/30 14:40:52.774, 2405, [N/A], 11.20, 43, 0
2026/09/30 14:40:53.774, 2405, [N/A], 11.15, 43, 0
2026/09/30 14:40:54.775, 2405, [N/A], 11.11, 43, 0
2026/09/30 14:40:55.775, 2405, [N/A], 11.15, 43, 0
2026/09/30 14:40:56.775, 2405, [N/A], 11.16, 43, 0
2026/09/30 14:40:57.775, 2405, [N/A], 11.17, 43, 0
2026/09/30 14:40:58.775, 2405, [N/A], 11.22, 43, 0
2026/09/30 14:40:59.776, 2405, [N/A], 11.17, 43, 0
2026/09/30 14:41:00.776, 2405, [N/A], 11.25, 44, 0
2026/09/30 14:41:01.776, 2405, [N/A], 11.25, 44, 0
2026/09/30 14:41:02.776, 2405, [N/A], 11.18, 44, 0
2026/09/30 14:41:03.776, 2405, [N/A], 11.25, 44, 0
2026/09/30 14:41:04.777, 2405, [N/A], 11.18, 44, 0
2026/09/30 14:41:05.777, 2405, [N/A], 11.24, 44, 0
2026/09/30 14:41:06.777, 2405, [N/A], 11.20, 44, 0
2026/09/30 14:41:07.777, 2405, [N/A], 11.14, 44, 0
2026/09/30 14:41:08.777, 2405, [N/A], 11.21, 44, 0
2026/09/30 14:41:09.778, 2405, [N/A], 11.18, 44, 0
2026/09/30 14:41:10.778, 2405, [N/A], 11.26, 44, 0
2026/09/30 14:41:11.778, 2405, [N/A], 11.28, 44, 0
2026/09/30 14:41:12.778, 2405, [N/A], 11.22, 44, 0
2026/09/30 14:41:13.778, 2405, [N/A], 11.21, 44, 0
2026/09/30 14:41:14.779, 2405, [N/A], 11.28, 44, 0
2026/09/30 14:41:15.779, 2405, [N/A], 11.21, 44, 0
2026/09/30 14:41:16.779, 2405, [N/A], 11.24, 44, 0
2026/09/30 14:41:17.779, 2405, [N/A], 11.26, 44, 0
2026/09/30 14:41:18.780, 2405, [N/A], 11.23, 44, 0
2026/09/30 14:41:19.780, 2405, [N/A], 11.22, 44, 0
2026/09/30 14:41:20.780, 2405, [N/A], 11.52, 44, 4
2026/09/30 14:41:21.780, 2405, [N/A], 11.34, 44, 0
2026/09/30 14:41:22.781, 2405, [N/A], 11.35, 44, 0
2026/09/30 14:41:23.781, 2405, [N/A], 11.35, 44, 0
2026/09/30 14:41:24.781, 2405, [N/A], 11.43, 44, 0
2026/09/30 14:41:25.781, 2405, [N/A], 11.35, 44, 0
2026/09/30 14:41:26.781, 2405, [N/A], 11.37, 44, 0
2026/09/30 14:41:27.782, 2405, [N/A], 11.40, 44, 0
2026/09/30 14:41:28.782, 2405, [N/A], 11.41, 44, 0
2026/09/30 14:41:29.782, 2405, [N/A], 11.39, 44, 0
2026/09/30 14:41:30.782, 2405, [N/A], 11.44, 44, 0
2026/09/30 14:41:31.783, 2405, [N/A], 11.51, 44, 0
2026/09/30 14:41:32.783, 2405, [N/A], 11.42, 44, 0
2026/09/30 14:41:33.783, 2405, [N/A], 11.41, 44, 0
2026/09/30 14:41:34.783, 2405, [N/A], 11.35, 44, 0
2026/09/30 14:41:35.784, 2405, [N/A], 11.44, 44, 0
2026/09/30 14:41:36.784, 2405, [N/A], 11.40, 44, 0
2026/09/30 14:41:37.784, 2405, [N/A], 11.38, 44, 0
2026/09/30 14:41:38.784, 2405, [N/A], 11.40, 45, 0
2026/09/30 14:41:39.785, 2405, [N/A], 11.36, 45, 0
2026/09/30 14:41:40.785, 2405, [N/A], 11.53, 45, 0
2026/09/30 14:41:41.785, 2405, [N/A], 11.51, 45, 0
2026/09/30 14:41:42.785, 2405, [N/A], 11.42, 45, 0
2026/09/30 14:41:43.786, 2405, [N/A], 11.37, 45, 0
2026/09/30 14:41:44.786, 2405, [N/A], 11.46, 45, 0
2026/09/30 14:41:45.786, 2398, [N/A], 11.37, 45, 0
2026/09/30 14:41:46.786, 2405, [N/A], 11.38, 45, 0
2026/09/30 14:41:47.786, 2405, [N/A], 11.39, 45, 0
2026/09/30 14:41:48.786, 2405, [N/A], 11.37, 45, 0
2026/09/30 14:41:49.787, 2405, [N/A], 11.40, 45, 0
2026/09/30 14:41:50.787, 2405, [N/A], 11.61, 45, 0
2026/09/30 14:41:51.787, 2405, [N/A], 11.41, 45, 0
2026/09/30 14:41:52.787, 2405, [N/A], 11.43, 45, 0
2026/09/30 14:41:53.788, 2405, [N/A], 11.41, 45, 0
2026/09/30 14:41:54.788, 2405, [N/A], 11.53, 45, 0
2026/09/30 14:41:55.788, 2405, [N/A], 11.42, 45, 0
2026/09/30 14:41:56.788, 2405, [N/A], 11.40, 45, 0
2026/09/30 14:41:57.789, 2405, [N/A], 11.42, 45, 0
2026/09/30 14:41:58.789, 2405, [N/A], 11.49, 45, 0
2026/09/30 14:41:59.789, 2405, [N/A], 11.55, 45, 0
2026/09/30 14:42:00.789, 2405, [N/A], 11.52, 45, 0
2026/09/30 14:42:01.789, 2405, [N/A], 11.55, 45, 0
2026/09/30 14:42:02.790, 2405, [N/A], 11.51, 45, 0
2026/09/30 14:42:03.790, 2405, [N/A], 11.52, 45, 0
2026/09/30 14:42:04.790, 2405, [N/A], 11.55, 45, 0
2026/09/30 14:42:05.791, 2405, [N/A], 11.50, 45, 0
2026/09/30 14:42:06.791, 2405, [N/A], 11.52, 45, 0
2026/09/30 14:42:07.791, 2405, [N/A], 11.53, 45, 0
2026/09/30 14:42:08.791, 2398, [N/A], 11.51, 45, 0
2026/09/30 14:42:09.791, 2398, [N/A], 11.56, 45, 0
2026/09/30 14:42:10.792, 2398, [N/A], 11.53, 45, 0
2026/09/30 14:42:11.792, 2405, [N/A], 11.62, 45, 0
2026/09/30 14:42:12.792, 2405, [N/A], 11.60, 45, 0
2026/09/30 14:42:13.792, 2398, [N/A], 11.52, 45, 0
2026/09/30 14:42:14.792, 2398, [N/A], 11.52, 45, 0
2026/09/30 14:42:15.793, 2398, [N/A], 11.57, 45, 0
2026/09/30 14:42:16.793, 2405, [N/A], 11.52, 45, 0
2026/09/30 14:42:17.793, 2405, [N/A], 11.48, 45, 0
2026/09/30 14:42:18.794, 2405, [N/A], 11.47, 45, 0
2026/09/30 14:42:19.794, 2405, [N/A], 11.49, 45, 0
2026/09/30 14:42:20.794, 2398, [N/A], 11.52, 45, 0
2026/09/30 14:42:21.794, 2405, [N/A], 11.58, 45, 0
2026/09/30 14:42:22.794, 2405, [N/A], 11.62, 46, 0
2026/09/30 14:42:23.795, 2398, [N/A], 11.53, 46, 0
2026/09/30 14:42:24.795, 2405, [N/A], 11.47, 46, 0
2026/09/30 14:42:25.796, 2405, [N/A], 11.47, 46, 0
2026/09/30 14:42:26.796, 2398, [N/A], 11.55, 46, 0
2026/09/30 14:42:27.796, 2405, [N/A], 11.55, 46, 0
2026/09/30 14:42:28.797, 2398, [N/A], 11.53, 46, 0
2026/09/30 14:42:29.797, 2405, [N/A], 11.50, 46, 0
2026/09/30 14:42:30.797, 2405, [N/A], 11.49, 46, 0
2026/09/30 14:42:31.797, 2405, [N/A], 11.58, 46, 1
2026/09/30 14:42:32.797, 2405, [N/A], 11.59, 46, 0
2026/09/30 14:42:33.798, 2405, [N/A], 11.53, 46, 0
2026/09/30 14:42:34.798, 2405, [N/A], 11.53, 46, 0
2026/09/30 14:42:35.798, 2405, [N/A], 11.60, 46, 0
2026/09/30 14:42:36.798, 2405, [N/A], 11.59, 46, 0
2026/09/30 14:42:37.798, 2405, [N/A], 11.54, 46, 0
2026/09/30 14:42:38.799, 2405, [N/A], 11.51, 46, 0
2026/09/30 14:42:39.799, 2398, [N/A], 11.53, 46, 0
2026/09/30 14:42:40.799, 2398, [N/A], 11.57, 46, 0
2026/09/30 14:42:41.799, 2405, [N/A], 11.62, 46, 0
2026/09/30 14:42:42.799, 2405, [N/A], 11.66, 46, 0
2026/09/30 14:42:43.800, 2405, [N/A], 11.57, 46, 0
2026/09/30 14:42:44.800, 2405, [N/A], 11.55, 46, 0
2026/09/30 14:42:45.800, 2405, [N/A], 11.55, 46, 0
2026/09/30 14:42:46.800, 2405, [N/A], 11.63, 46, 0
2026/09/30 14:42:47.801, 2405, [N/A], 11.55, 46, 0
2026/09/30 14:42:48.801, 2398, [N/A], 11.53, 46, 0
2026/09/30 14:42:49.801, 2398, [N/A], 11.56, 46, 0
2026/09/30 14:42:50.802, 2405, [N/A], 12.37, 46, 0
2026/09/30 14:42:51.802, 2405, [N/A], 11.91, 46, 1
2026/09/30 14:42:52.802, 2405, [N/A], 12.70, 46, 0
2026/09/30 14:42:53.802, 2405, [N/A], 12.52, 46, 0
2026/09/30 14:42:54.802, 2405, [N/A], 11.66, 46, 0
2026/09/30 14:42:55.803, 2405, [N/A], 11.59, 46, 0
2026/09/30 14:42:56.803, 2405, [N/A], 11.91, 46, 1
2026/09/30 14:42:57.803, 2405, [N/A], 11.78, 46, 0
2026/09/30 14:42:58.803, 2405, [N/A], 11.56, 46, 0
2026/09/30 14:42:59.804, 2405, [N/A], 11.58, 46, 0
2026/09/30 14:43:00.805, 2405, [N/A], 11.54, 46, 0
2026/09/30 14:43:01.805, 2405, [N/A], 11.55, 46, 0
2026/09/30 14:43:02.805, 2405, [N/A], 12.64, 46, 0
2026/09/30 14:43:03.806, 2405, [N/A], 12.92, 46, 0
2026/09/30 14:43:04.806, 2405, [N/A], 12.54, 46, 0
2026/09/30 14:43:05.806, 2405, [N/A], 12.46, 46, 0
2026/09/30 14:43:06.806, 2405, [N/A], 12.24, 46, 0
2026/09/30 14:43:07.807, 2405, [N/A], 12.49, 46, 0
2026/09/30 14:43:08.807, 2405, [N/A], 12.76, 47, 0
2026/09/30 14:43:09.807, 2405, [N/A], 12.93, 47, 0
2026/09/30 14:43:10.807, 2405, [N/A], 12.99, 47, 0
2026/09/30 14:43:11.807, 2405, [N/A], 13.11, 47, 0
2026/09/30 14:43:12.808, 2405, [N/A], 13.10, 47, 0
2026/09/30 14:43:13.808, 2405, [N/A], 12.56, 46, 0
2026/09/30 14:43:14.808, 2405, [N/A], 11.68, 46, 0
2026/09/30 14:43:15.809, 2405, [N/A], 11.61, 46, 0
2026/09/30 14:43:16.809, 2405, [N/A], 11.62, 46, 0
2026/09/30 14:43:17.809, 2405, [N/A], 11.64, 46, 0
2026/09/30 14:43:18.809, 2405, [N/A], 11.63, 46, 0
2026/09/30 14:43:19.809, 2405, [N/A], 11.73, 46, 0
2026/09/30 14:43:20.810, 2405, [N/A], 13.09, 47, 0
2026/09/30 14:43:21.810, 2405, [N/A], 13.27, 47, 0
2026/09/30 14:43:22.810, 2405, [N/A], 13.21, 47, 0
2026/09/30 14:43:23.810, 2405, [N/A], 13.06, 47, 0
2026/09/30 14:43:24.811, 2405, [N/A], 13.09, 47, 0
2026/09/30 14:43:25.811, 2405, [N/A], 13.14, 47, 0
2026/09/30 14:43:26.811, 2405, [N/A], 13.19, 47, 0
2026/09/30 14:43:27.811, 2405, [N/A], 13.03, 47, 12
2026/09/30 14:43:28.812, 2405, [N/A], 11.69, 46, 0
2026/09/30 14:43:29.812, 2405, [N/A], 11.66, 46, 0
2026/09/30 14:43:30.812, 2398, [N/A], 11.66, 46, 0
2026/09/30 14:43:31.812, 2398, [N/A], 11.63, 46, 0
2026/09/30 14:43:32.812, 2405, [N/A], 11.65, 46, 0
2026/09/30 14:43:33.813, 2398, [N/A], 11.85, 47, 0
2026/09/30 14:43:34.813, 2398, [N/A], 13.11, 47, 0
2026/09/30 14:43:35.813, 2405, [N/A], 12.90, 47, 0
2026/09/30 14:43:36.813, 2405, [N/A], 12.64, 47, 0
2026/09/30 14:43:37.813, 2405, [N/A], 12.65, 47, 0
2026/09/30 14:43:38.813, 2405, [N/A], 12.53, 47, 0
2026/09/30 14:43:39.814, 2405, [N/A], 12.62, 47, 0
2026/09/30 14:43:40.814, 2405, [N/A], 12.90, 47, 0
2026/09/30 14:43:41.814, 2405, [N/A], 12.31, 47, 0
2026/09/30 14:43:42.815, 2398, [N/A], 11.64, 47, 0
2026/09/30 14:43:43.815, 2398, [N/A], 11.57, 47, 0
2026/09/30 14:43:44.816, 2405, [N/A], 11.63, 47, 0
2026/09/30 14:43:45.816, 2405, [N/A], 11.65, 47, 0
2026/09/30 14:43:46.816, 2405, [N/A], 11.65, 47, 0
2026/09/30 14:43:47.816, 2405, [N/A], 11.59, 47, 0
2026/09/30 14:43:48.816, 2398, [N/A], 12.08, 47, 0
2026/09/30 14:43:49.817, 2405, [N/A], 12.46, 47, 0
2026/09/30 14:43:50.817, 2405, [N/A], 11.71, 47, 0
2026/09/30 14:43:51.817, 2405, [N/A], 11.65, 47, 0
2026/09/30 14:43:52.817, 2405, [N/A], 11.66, 47, 0
2026/09/30 14:43:53.818, 2405, [N/A], 12.70, 47, 1
2026/09/30 14:43:54.818, 2398, [N/A], 13.09, 47, 0
2026/09/30 14:43:55.818, 2405, [N/A], 13.17, 47, 0
2026/09/30 14:43:56.818, 2405, [N/A], 13.13, 47, 0
2026/09/30 14:43:57.818, 2405, [N/A], 13.05, 47, 0
2026/09/30 14:43:58.819, 2405, [N/A], 13.11, 47, 0
2026/09/30 14:43:59.819, 2405, [N/A], 12.96, 47, 0
2026/09/30 14:44:00.819, 2398, [N/A], 12.09, 47, 0
2026/09/30 14:44:01.820, 2398, [N/A], 11.63, 47, 0
2026/09/30 14:44:02.820, 2398, [N/A], 12.65, 47, 0
2026/09/30 14:44:03.820, 2405, [N/A], 12.39, 47, 0
2026/09/30 14:44:04.820, 2398, [N/A], 12.27, 47, 0
2026/09/30 14:44:05.821, 2405, [N/A], 12.63, 47, 0
2026/09/30 14:44:06.821, 2405, [N/A], 12.14, 47, 0
2026/09/30 14:44:07.821, 2405, [N/A], 11.81, 47, 0
2026/09/30 14:44:08.821, 2405, [N/A], 12.86, 47, 0
2026/09/30 14:44:09.821, 2405, [N/A], 12.77, 47, 0
2026/09/30 14:44:10.821, 2405, [N/A], 13.23, 47, 0
2026/09/30 14:44:11.822, 2405, [N/A], 13.31, 47, 0
2026/09/30 14:44:12.822, 2398, [N/A], 13.10, 47, 0
2026/09/30 14:44:13.822, 2405, [N/A], 13.21, 47, 0
2026/09/30 14:44:14.823, 2405, [N/A], 13.19, 47, 0
2026/09/30 14:44:15.823, 2405, [N/A], 13.15, 47, 0
2026/09/30 14:44:16.823, 2405, [N/A], 13.22, 47, 0
2026/09/30 14:44:17.824, 2405, [N/A], 13.14, 47, 11
2026/09/30 14:44:18.824, 2405, [N/A], 11.79, 47, 0
2026/09/30 14:44:19.824, 2405, [N/A], 11.70, 47, 0
2026/09/30 14:44:20.825, 2405, [N/A], 11.72, 47, 0
2026/09/30 14:44:21.825, 2405, [N/A], 11.72, 47, 0
2026/09/30 14:44:22.825, 2405, [N/A], 11.70, 47, 0
2026/09/30 14:44:23.825, 2405, [N/A], 11.75, 47, 0
2026/09/30 14:44:24.826, 2405, [N/A], 12.60, 47, 0
2026/09/30 14:44:25.826, 2405, [N/A], 13.24, 47, 20
2026/09/30 14:44:26.826, 2405, [N/A], 13.25, 47, 0
2026/09/30 14:44:27.826, 2405, [N/A], 13.25, 47, 0
2026/09/30 14:44:28.827, 2405, [N/A], 13.29, 47, 0
2026/09/30 14:44:29.827, 2405, [N/A], 13.25, 47, 0
2026/09/30 14:44:30.827, 2405, [N/A], 13.26, 47, 0
2026/09/30 14:44:31.827, 2405, [N/A], 13.31, 48, 0
2026/09/30 14:44:32.827, 2405, [N/A], 13.33, 48, 0
2026/09/30 14:44:33.828, 2405, [N/A], 13.00, 47, 0
2026/09/30 14:44:34.828, 2405, [N/A], 11.84, 47, 0
2026/09/30 14:44:35.828, 2405, [N/A], 11.68, 47, 0
2026/09/30 14:44:36.828, 2405, [N/A], 11.70, 47, 0
2026/09/30 14:44:37.829, 2405, [N/A], 11.71, 47, 0
2026/09/30 14:44:38.829, 2405, [N/A], 11.70, 47, 0
2026/09/30 14:44:39.829, 2405, [N/A], 11.72, 47, 0
2026/09/30 14:44:40.830, 2405, [N/A], 12.14, 47, 0
2026/09/30 14:44:41.830, 2405, [N/A], 13.41, 48, 0
2026/09/30 14:44:42.830, 2405, [N/A], 13.26, 47, 0
2026/09/30 14:44:43.830, 2405, [N/A], 13.19, 48, 0
2026/09/30 14:44:44.830, 2405, [N/A], 13.27, 48, 0
2026/09/30 14:44:45.831, 2405, [N/A], 13.23, 48, 0
2026/09/30 14:44:46.831, 2405, [N/A], 13.23, 48, 0
2026/09/30 14:44:47.831, 2405, [N/A], 13.07, 48, 0
2026/09/30 14:44:48.831, 2405, [N/A], 12.49, 47, 0
2026/09/30 14:44:49.831, 2405, [N/A], 11.76, 47, 0
2026/09/30 14:44:50.832, 2405, [N/A], 11.74, 47, 0
2026/09/30 14:44:51.832, 2405, [N/A], 11.71, 47, 0
2026/09/30 14:44:52.832, 2405, [N/A], 11.70, 47, 0
2026/09/30 14:44:53.832, 2405, [N/A], 11.67, 47, 0
2026/09/30 14:44:54.832, 2398, [N/A], 12.60, 48, 0
2026/09/30 14:44:55.833, 2405, [N/A], 12.98, 48, 0
2026/09/30 14:44:56.833, 2405, [N/A], 13.24, 48, 0
2026/09/30 14:44:57.833, 2405, [N/A], 13.27, 48, 0
2026/09/30 14:44:58.833, 2405, [N/A], 13.25, 48, 0
2026/09/30 14:44:59.833, 2405, [N/A], 13.11, 48, 0
2026/09/30 14:45:00.834, 2405, [N/A], 13.22, 48, 0
2026/09/30 14:45:01.834, 2405, [N/A], 13.21, 48, 0
2026/09/30 14:45:02.834, 2405, [N/A], 12.46, 48, 0
2026/09/30 14:45:03.834, 2405, [N/A], 11.81, 48, 0
2026/09/30 14:45:04.835, 2405, [N/A], 11.71, 47, 0
2026/09/30 14:45:05.835, 2405, [N/A], 11.74, 47, 0
2026/09/30 14:45:06.835, 2405, [N/A], 11.70, 47, 0
2026/09/30 14:45:07.835, 2405, [N/A], 11.73, 47, 0
2026/09/30 14:45:08.835, 2405, [N/A], 12.01, 48, 0
2026/09/30 14:45:09.835, 2405, [N/A], 12.92, 48, 0
2026/09/30 14:45:10.836, 2405, [N/A], 13.17, 48, 0
2026/09/30 14:45:11.836, 2405, [N/A], 13.30, 48, 0
2026/09/30 14:45:12.836, 2405, [N/A], 13.37, 48, 1
2026/09/30 14:45:13.836, 2405, [N/A], 13.25, 48, 0
2026/09/30 14:45:14.836, 2405, [N/A], 13.15, 48, 0
2026/09/30 14:45:15.836, 2405, [N/A], 13.24, 48, 0
2026/09/30 14:45:16.837, 2405, [N/A], 13.17, 48, 0
2026/09/30 14:45:17.837, 2405, [N/A], 13.06, 48, 10
2026/09/30 14:45:18.837, 2405, [N/A], 11.85, 48, 0
2026/09/30 14:45:19.837, 2405, [N/A], 11.77, 48, 0
2026/09/30 14:45:20.837, 2405, [N/A], 11.76, 48, 0
2026/09/30 14:45:21.838, 2405, [N/A], 11.76, 48, 0
2026/09/30 14:45:22.838, 2398, [N/A], 11.75, 48, 0
2026/09/30 14:45:23.838, 2398, [N/A], 11.74, 48, 0
2026/09/30 14:45:24.838, 2405, [N/A], 12.42, 48, 0
2026/09/30 14:45:25.838, 2405, [N/A], 12.97, 48, 0
2026/09/30 14:45:26.838, 2405, [N/A], 13.30, 48, 0
2026/09/30 14:45:27.839, 2405, [N/A], 13.36, 48, 0
2026/09/30 14:45:28.839, 2405, [N/A], 13.36, 48, 0
2026/09/30 14:45:29.839, 2405, [N/A], 13.21, 48, 0
2026/09/30 14:45:30.839, 2405, [N/A], 13.26, 48, 0
2026/09/30 14:45:31.839, 2405, [N/A], 13.26, 48, 0
2026/09/30 14:45:32.839, 2398, [N/A], 13.19, 48, 0
2026/09/30 14:45:33.840, 2405, [N/A], 12.11, 48, 0
2026/09/30 14:45:34.840, 2405, [N/A], 11.74, 48, 0
2026/09/30 14:45:35.841, 2405, [N/A], 11.66, 48, 0
2026/09/30 14:45:36.841, 2405, [N/A], 11.70, 48, 0
2026/09/30 14:45:37.841, 2405, [N/A], 11.71, 48, 0
2026/09/30 14:45:38.841, 2405, [N/A], 11.74, 48, 0
2026/09/30 14:45:39.842, 2398, [N/A], 12.70, 48, 0
2026/09/30 14:45:40.842, 2405, [N/A], 13.19, 48, 0
2026/09/30 14:45:41.842, 2405, [N/A], 13.31, 48, 0
2026/09/30 14:45:42.842, 2405, [N/A], 13.28, 48, 0
2026/09/30 14:45:43.842, 2405, [N/A], 13.10, 48, 0
2026/09/30 14:45:44.843, 2405, [N/A], 13.18, 48, 0
2026/09/30 14:45:45.843, 2405, [N/A], 13.17, 48, 0
2026/09/30 14:45:46.843, 2405, [N/A], 13.08, 48, 0
2026/09/30 14:45:47.844, 2405, [N/A], 12.47, 48, 0
2026/09/30 14:45:48.844, 2405, [N/A], 11.83, 48, 0
2026/09/30 14:45:49.844, 2398, [N/A], 11.79, 48, 0
2026/09/30 14:45:50.845, 2405, [N/A], 11.78, 48, 0
2026/09/30 14:45:51.845, 2405, [N/A], 11.75, 48, 0
2026/09/30 14:45:52.845, 2405, [N/A], 11.75, 48, 0
2026/09/30 14:45:53.845, 2405, [N/A], 12.68, 48, 0
2026/09/30 14:45:54.846, 2405, [N/A], 13.30, 48, 0
2026/09/30 14:45:55.846, 2405, [N/A], 13.28, 48, 1
2026/09/30 14:45:56.846, 2405, [N/A], 13.24, 48, 0
2026/09/30 14:45:57.846, 2405, [N/A], 13.10, 48, 0
2026/09/30 14:45:58.846, 2405, [N/A], 13.11, 48, 0
2026/09/30 14:45:59.847, 2405, [N/A], 13.20, 48, 0
2026/09/30 14:46:00.847, 2405, [N/A], 13.16, 48, 0
2026/09/30 14:46:01.848, 2405, [N/A], 12.68, 48, 0
2026/09/30 14:46:02.848, 2405, [N/A], 11.88, 48, 0
2026/09/30 14:46:03.848, 2405, [N/A], 11.79, 48, 0
2026/09/30 14:46:04.849, 2405, [N/A], 11.77, 48, 0
2026/09/30 14:46:05.849, 2405, [N/A], 11.79, 48, 0
2026/09/30 14:46:06.849, 2405, [N/A], 11.79, 48, 0
2026/09/30 14:46:07.850, 2405, [N/A], 11.78, 48, 0
2026/09/30 14:46:08.850, 2405, [N/A], 12.50, 48, 0
2026/09/30 14:46:09.850, 2405, [N/A], 12.66, 48, 0
2026/09/30 14:46:10.850, 2405, [N/A], 13.41, 48, 0
2026/09/30 14:46:11.851, 2405, [N/A], 13.21, 48, 0
2026/09/30 14:46:12.851, 2405, [N/A], 12.94, 48, 0
2026/09/30 14:46:13.851, 2405, [N/A], 13.01, 48, 0
2026/09/30 14:46:14.851, 2405, [N/A], 12.92, 48, 0
2026/09/30 14:46:15.852, 2405, [N/A], 13.03, 48, 0
2026/09/30 14:46:16.852, 2405, [N/A], 11.93, 48, 0
2026/09/30 14:46:17.853, 2405, [N/A], 12.37, 48, 0
2026/09/30 14:46:18.853, 2405, [N/A], 11.80, 48, 0
2026/09/30 14:46:19.853, 2405, [N/A], 11.81, 48, 0
2026/09/30 14:46:20.854, 2405, [N/A], 11.78, 48, 0
2026/09/30 14:46:21.854, 2405, [N/A], 12.34, 48, 0
2026/09/30 14:46:22.854, 2405, [N/A], 12.86, 48, 0
2026/09/30 14:46:23.855, 2405, [N/A], 12.88, 48, 0
2026/09/30 14:46:24.855, 2405, [N/A], 13.43, 48, 0
2026/09/30 14:46:25.855, 2405, [N/A], 13.45, 48, 1
2026/09/30 14:46:26.856, 2405, [N/A], 13.17, 48, 0
2026/09/30 14:46:27.856, 2405, [N/A], 13.16, 48, 0
2026/09/30 14:46:28.856, 2405, [N/A], 13.01, 48, 0
2026/09/30 14:46:29.856, 2405, [N/A], 12.93, 48, 0
2026/09/30 14:46:30.856, 2405, [N/A], 12.98, 48, 0
2026/09/30 14:46:31.857, 2405, [N/A], 12.92, 48, 10
2026/09/30 14:46:32.857, 2405, [N/A], 12.14, 49, 0
2026/09/30 14:46:33.858, 2405, [N/A], 13.09, 49, 0
2026/09/30 14:46:34.858, 2405, [N/A], 11.96, 48, 0
2026/09/30 14:46:35.858, 2405, [N/A], 11.82, 48, 0
2026/09/30 14:46:36.858, 2405, [N/A], 12.25, 48, 0
2026/09/30 14:46:37.858, 2405, [N/A], 12.50, 48, 0
2026/09/30 14:46:38.859, 2398, [N/A], 12.87, 48, 0
2026/09/30 14:46:39.859, 2398, [N/A], 13.38, 49, 0
2026/09/30 14:46:40.859, 2398, [N/A], 13.38, 48, 0
2026/09/30 14:46:41.859, 2405, [N/A], 13.12, 49, 0
2026/09/30 14:46:42.860, 2398, [N/A], 13.39, 49, 0
2026/09/30 14:46:43.860, 2405, [N/A], 13.35, 49, 0
2026/09/30 14:46:44.860, 2405, [N/A], 13.22, 49, 0
2026/09/30 14:46:45.861, 2398, [N/A], 13.07, 49, 0
2026/09/30 14:46:46.861, 2405, [N/A], 12.70, 49, 0
2026/09/30 14:46:47.861, 2405, [N/A], 11.97, 48, 0
2026/09/30 14:46:48.862, 2405, [N/A], 11.85, 48, 0
2026/09/30 14:46:49.862, 2405, [N/A], 11.88, 48, 0
2026/09/30 14:46:50.862, 2405, [N/A], 11.91, 48, 0
2026/09/30 14:46:51.862, 2398, [N/A], 11.90, 48, 0
2026/09/30 14:46:52.863, 2405, [N/A], 11.89, 48, 0
2026/09/30 14:46:53.863, 2398, [N/A], 12.73, 49, 0
2026/09/30 14:46:54.863, 2398, [N/A], 13.08, 49, 0
2026/09/30 14:46:55.863, 2405, [N/A], 13.20, 49, 1
2026/09/30 14:46:56.863, 2405, [N/A], 13.36, 49, 0
2026/09/30 14:46:57.864, 2405, [N/A], 13.47, 49, 0
2026/09/30 14:46:58.864, 2398, [N/A], 13.48, 49, 0
2026/09/30 14:46:59.864, 2405, [N/A], 13.39, 49, 0
2026/09/30 14:47:00.865, 2405, [N/A], 13.41, 49, 0
2026/09/30 14:47:01.865, 2405, [N/A], 13.31, 49, 10
2026/09/30 14:47:02.865, 2405, [N/A], 12.62, 49, 0
2026/09/30 14:47:03.866, 2405, [N/A], 11.89, 49, 0
2026/09/30 14:47:04.866, 2405, [N/A], 11.86, 49, 0
2026/09/30 14:47:05.866, 2405, [N/A], 11.85, 49, 0
2026/09/30 14:47:06.867, 2405, [N/A], 11.90, 49, 0
2026/09/30 14:47:07.867, 2405, [N/A], 13.23, 49, 0
2026/09/30 14:47:08.867, 2405, [N/A], 13.16, 49, 0
2026/09/30 14:47:09.867, 2398, [N/A], 13.33, 49, 0
2026/09/30 14:47:10.867, 2405, [N/A], 13.46, 49, 0
2026/09/30 14:47:11.868, 2405, [N/A], 13.35, 49, 0
2026/09/30 14:47:12.868, 2398, [N/A], 13.23, 49, 0
2026/09/30 14:47:13.868, 2405, [N/A], 13.43, 49, 0
2026/09/30 14:47:14.868, 2405, [N/A], 13.27, 49, 0
2026/09/30 14:47:15.868, 2405, [N/A], 13.26, 49, 0
2026/09/30 14:47:16.869, 2398, [N/A], 12.65, 49, 0
2026/09/30 14:47:17.869, 2398, [N/A], 12.95, 49, 0
2026/09/30 14:47:18.869, 2398, [N/A], 12.12, 49, 0
2026/09/30 14:47:19.869, 2405, [N/A], 11.88, 49, 0
2026/09/30 14:47:20.869, 2405, [N/A], 11.84, 49, 0
2026/09/30 14:47:21.870, 2405, [N/A], 12.46, 49, 0
2026/09/30 14:47:22.870, 2405, [N/A], 13.47, 49, 0
2026/09/30 14:47:23.870, 2405, [N/A], 13.47, 49, 0
2026/09/30 14:47:24.870, 2405, [N/A], 13.53, 49, 0
2026/09/30 14:47:25.870, 2405, [N/A], 13.47, 49, 0
2026/09/30 14:47:26.871, 2405, [N/A], 13.40, 49, 0
2026/09/30 14:47:27.871, 2405, [N/A], 13.37, 49, 0
2026/09/30 14:47:28.871, 2405, [N/A], 13.51, 49, 0
2026/09/30 14:47:29.871, 2405, [N/A], 13.33, 49, 0
2026/09/30 14:47:30.871, 2405, [N/A], 13.31, 49, 0
2026/09/30 14:47:31.871, 2405, [N/A], 13.26, 49, 0
2026/09/30 14:47:32.872, 2398, [N/A], 13.04, 49, 0
2026/09/30 14:47:33.872, 2405, [N/A], 13.16, 49, 0
2026/09/30 14:47:34.872, 2398, [N/A], 12.70, 49, 0
2026/09/30 14:47:35.872, 2405, [N/A], 11.95, 49, 0
2026/09/30 14:47:36.873, 2405, [N/A], 11.90, 49, 0
2026/09/30 14:47:37.873, 2405, [N/A], 11.90, 49, 0
2026/09/30 14:47:38.873, 2405, [N/A], 12.61, 49, 0
2026/09/30 14:47:39.873, 2405, [N/A], 13.15, 49, 0
2026/09/30 14:47:40.874, 2405, [N/A], 13.56, 49, 0
2026/09/30 14:47:41.874, 2405, [N/A], 13.18, 49, 0
2026/09/30 14:47:42.874, 2405, [N/A], 13.44, 49, 0
2026/09/30 14:47:43.874, 2405, [N/A], 13.23, 49, 0
2026/09/30 14:47:44.875, 2405, [N/A], 12.11, 49, 0
2026/09/30 14:47:45.875, 2405, [N/A], 11.94, 49, 0
2026/09/30 14:47:46.875, 2405, [N/A], 12.18, 49, 0
2026/09/30 14:47:47.875, 2398, [N/A], 12.39, 49, 0
2026/09/30 14:47:48.875, 2398, [N/A], 11.95, 49, 0
2026/09/30 14:47:49.876, 2398, [N/A], 11.94, 49, 0
2026/09/30 14:47:50.876, 2398, [N/A], 11.94, 49, 0
2026/09/30 14:47:51.876, 2405, [N/A], 12.29, 49, 0
2026/09/30 14:47:52.876, 2405, [N/A], 13.49, 49, 0
2026/09/30 14:47:53.876, 2405, [N/A], 13.52, 49, 0
2026/09/30 14:47:54.877, 2405, [N/A], 13.42, 49, 0
2026/09/30 14:47:55.877, 2405, [N/A], 13.26, 49, 0
2026/09/30 14:47:56.877, 2405, [N/A], 13.34, 49, 0
2026/09/30 14:47:57.877, 2398, [N/A], 13.42, 49, 0
2026/09/30 14:47:58.877, 2405, [N/A], 13.29, 49, 0
2026/09/30 14:47:59.878, 2405, [N/A], 13.38, 49, 0
2026/09/30 14:48:00.878, 2405, [N/A], 13.36, 49, 0
2026/09/30 14:48:01.878, 2405, [N/A], 13.26, 50, 0
2026/09/30 14:48:02.878, 2405, [N/A], 13.31, 50, 0
2026/09/30 14:48:03.878, 2405, [N/A], 12.31, 49, 0
2026/09/30 14:48:04.879, 2405, [N/A], 11.97, 49, 0
2026/09/30 14:48:05.879, 2405, [N/A], 11.95, 49, 0
2026/09/30 14:48:06.879, 2405, [N/A], 11.92, 49, 0
2026/09/30 14:48:07.879, 2405, [N/A], 13.05, 49, 0
2026/09/30 14:48:08.880, 2405, [N/A], 13.50, 49, 0
2026/09/30 14:48:09.880, 2405, [N/A], 13.50, 50, 0
2026/09/30 14:48:10.880, 2405, [N/A], 13.41, 50, 0
2026/09/30 14:48:11.881, 2405, [N/A], 13.11, 50, 0
2026/09/30 14:48:12.881, 2405, [N/A], 13.08, 50, 0
2026/09/30 14:48:13.881, 2405, [N/A], 13.26, 50, 0
2026/09/30 14:48:14.881, 2405, [N/A], 13.13, 50, 0
2026/09/30 14:48:15.882, 2405, [N/A], 12.89, 50, 0
2026/09/30 14:48:16.882, 2405, [N/A], 13.32, 50, 0
2026/09/30 14:48:17.882, 2405, [N/A], 13.13, 50, 11
2026/09/30 14:48:18.882, 2405, [N/A], 11.92, 49, 0
2026/09/30 14:48:19.883, 2405, [N/A], 11.92, 49, 0
2026/09/30 14:48:20.883, 2398, [N/A], 11.93, 49, 0
2026/09/30 14:48:21.883, 2398, [N/A], 12.01, 49, 0
2026/09/30 14:48:22.883, 2398, [N/A], 13.23, 50, 0
2026/09/30 14:48:23.884, 2405, [N/A], 13.51, 50, 0
2026/09/30 14:48:24.884, 2398, [N/A], 13.46, 50, 0
2026/09/30 14:48:25.884, 2398, [N/A], 13.30, 50, 0
2026/09/30 14:48:26.884, 2405, [N/A], 13.37, 50, 0
2026/09/30 14:48:27.884, 2405, [N/A], 13.28, 50, 0
2026/09/30 14:48:28.885, 2405, [N/A], 12.62, 50, 0
2026/09/30 14:48:29.885, 2405, [N/A], 11.94, 49, 0
2026/09/30 14:48:30.885, 2405, [N/A], 11.99, 49, 0
2026/09/30 14:48:31.885, 2405, [N/A], 11.96, 49, 0
2026/09/30 14:48:32.886, 2405, [N/A], 11.94, 49, 0
2026/09/30 14:48:33.886, 2405, [N/A], 11.93, 49, 0
2026/09/30 14:48:34.886, 2405, [N/A], 11.91, 49, 0
2026/09/30 14:48:35.886, 2405, [N/A], 11.90, 49, 0
2026/09/30 14:48:36.887, 2405, [N/A], 12.38, 49, 0
2026/09/30 14:48:37.887, 2398, [N/A], 13.26, 50, 0
2026/09/30 14:48:38.887, 2398, [N/A], 13.20, 50, 0
2026/09/30 14:48:39.887, 2405, [N/A], 13.43, 50, 0
2026/09/30 14:48:40.887, 2398, [N/A], 13.27, 50, 0
2026/09/30 14:48:41.887, 2405, [N/A], 13.23, 50, 0
2026/09/30 14:48:42.888, 2405, [N/A], 13.29, 50, 0
2026/09/30 14:48:43.888, 2405, [N/A], 13.30, 50, 0
2026/09/30 14:48:44.888, 2405, [N/A], 13.17, 50, 11
2026/09/30 14:48:45.888, 2405, [N/A], 13.15, 50, 0
2026/09/30 14:48:46.888, 2405, [N/A], 12.81, 50, 0
2026/09/30 14:48:47.889, 2405, [N/A], 11.96, 49, 0
2026/09/30 14:48:48.889, 2405, [N/A], 11.94, 49, 0
2026/09/30 14:48:49.889, 2405, [N/A], 11.94, 49, 0
2026/09/30 14:48:50.889, 2398, [N/A], 12.50, 50, 0
2026/09/30 14:48:51.890, 2405, [N/A], 13.42, 50, 0
2026/09/30 14:48:52.890, 2405, [N/A], 13.41, 50, 0
2026/09/30 14:48:53.890, 2405, [N/A], 13.39, 50, 0
2026/09/30 14:48:54.890, 2405, [N/A], 13.14, 50, 0
2026/09/30 14:48:55.891, 2405, [N/A], 13.28, 50, 0
2026/09/30 14:48:56.891, 2405, [N/A], 13.29, 50, 0
2026/09/30 14:48:57.891, 2405, [N/A], 13.19, 50, 0
2026/09/30 14:48:58.892, 2398, [N/A], 13.06, 50, 0
2026/09/30 14:48:59.892, 2405, [N/A], 12.24, 50, 0
2026/09/30 14:49:00.892, 2405, [N/A], 13.06, 50, 0
2026/09/30 14:49:01.892, 2405, [N/A], 13.06, 50, 0
2026/09/30 14:49:02.893, 2405, [N/A], 12.84, 50, 10
2026/09/30 14:49:03.893, 2405, [N/A], 11.93, 50, 0
2026/09/30 14:49:04.893, 2405, [N/A], 11.96, 50, 0
2026/09/30 14:49:05.893, 2405, [N/A], 13.09, 50, 0
2026/09/30 14:49:06.893, 2405, [N/A], 13.22, 50, 0
2026/09/30 14:49:07.894, 2398, [N/A], 13.60, 50, 0
2026/09/30 14:49:08.894, 2405, [N/A], 13.46, 50, 0
2026/09/30 14:49:09.895, 2405, [N/A], 13.53, 50, 0
2026/09/30 14:49:10.895, 2405, [N/A], 13.48, 50, 0
2026/09/30 14:49:11.895, 2405, [N/A], 13.46, 50, 0
2026/09/30 14:49:12.896, 2405, [N/A], 13.49, 50, 0
2026/09/30 14:49:13.896, 2405, [N/A], 13.46, 50, 0
2026/09/30 14:49:14.896, 2405, [N/A], 13.42, 50, 0
2026/09/30 14:49:15.896, 2405, [N/A], 13.41, 50, 0
2026/09/30 14:49:16.896, 2405, [N/A], 13.47, 50, 0
2026/09/30 14:49:17.897, 2405, [N/A], 13.55, 50, 0
2026/09/30 14:49:18.897, 2405, [N/A], 13.44, 50, 0
2026/09/30 14:49:19.897, 2405, [N/A], 13.51, 50, 0
2026/09/30 14:49:20.897, 2405, [N/A], 12.99, 50, 0
2026/09/30 14:49:21.897, 2405, [N/A], 13.36, 50, 0
2026/09/30 14:49:22.898, 2405, [N/A], 13.58, 50, 0
2026/09/30 14:49:23.898, 2405, [N/A], 13.54, 50, 0
2026/09/30 14:49:24.898, 2405, [N/A], 13.53, 50, 0
2026/09/30 14:49:25.898, 2405, [N/A], 13.59, 50, 0
2026/09/30 14:49:26.898, 2398, [N/A], 13.49, 50, 0
2026/09/30 14:49:27.898, 2405, [N/A], 13.43, 50, 0
2026/09/30 14:49:28.899, 2405, [N/A], 13.53, 50, 0
2026/09/30 14:49:29.899, 2405, [N/A], 13.32, 50, 0
2026/09/30 14:49:30.899, 2405, [N/A], 13.44, 50, 0
2026/09/30 14:49:31.899, 2405, [N/A], 13.37, 50, 0
2026/09/30 14:49:32.899, 2398, [N/A], 13.39, 50, 0
2026/09/30 14:49:33.900, 2398, [N/A], 12.23, 50, 0
2026/09/30 14:49:34.900, 2405, [N/A], 12.06, 50, 0
2026/09/30 14:49:35.900, 2398, [N/A], 12.82, 50, 0
2026/09/30 14:49:36.900, 2405, [N/A], 13.44, 50, 0
2026/09/30 14:49:37.901, 2405, [N/A], 13.69, 50, 0
2026/09/30 14:49:38.901, 2405, [N/A], 13.59, 50, 0
2026/09/30 14:49:39.901, 2405, [N/A], 13.47, 50, 0
2026/09/30 14:49:40.901, 2405, [N/A], 13.52, 50, 0
2026/09/30 14:49:41.902, 2405, [N/A], 12.50, 50, 0
2026/09/30 14:49:42.902, 2405, [N/A], 12.02, 50, 0
2026/09/30 14:49:43.902, 2405, [N/A], 12.67, 50, 0
2026/09/30 14:49:44.903, 2405, [N/A], 12.82, 50, 0
2026/09/30 14:49:45.903, 2405, [N/A], 12.58, 50, 0
2026/09/30 14:49:46.903, 2405, [N/A], 12.04, 50, 0
2026/09/30 14:49:47.903, 2405, [N/A], 12.02, 50, 0
2026/09/30 14:49:48.903, 2405, [N/A], 12.75, 50, 0
2026/09/30 14:49:49.904, 2405, [N/A], 13.60, 50, 0
2026/09/30 14:49:50.904, 2405, [N/A], 13.56, 50, 0
2026/09/30 14:49:51.904, 2405, [N/A], 13.56, 51, 0
2026/09/30 14:49:52.904, 2405, [N/A], 13.56, 50, 0
2026/09/30 14:49:53.904, 2405, [N/A], 13.60, 50, 0
2026/09/30 14:49:54.905, 2398, [N/A], 13.43, 50, 0
2026/09/30 14:49:55.905, 2405, [N/A], 13.49, 50, 0
2026/09/30 14:49:56.905, 2405, [N/A], 13.35, 50, 0
2026/09/30 14:49:57.905, 2405, [N/A], 13.32, 50, 0
2026/09/30 14:49:58.906, 2405, [N/A], 12.98, 50, 0
2026/09/30 14:49:59.906, 2405, [N/A], 13.49, 51, 0
2026/09/30 14:50:00.906, 2405, [N/A], 12.40, 50, 0
2026/09/30 14:50:01.906, 2405, [N/A], 12.05, 50, 0
2026/09/30 14:50:02.907, 2398, [N/A], 12.03, 50, 0
2026/09/30 14:50:03.907, 2405, [N/A], 12.37, 50, 0
2026/09/30 14:50:04.907, 2398, [N/A], 13.48, 50, 0
2026/09/30 14:50:05.907, 2405, [N/A], 13.57, 50, 0
2026/09/30 14:50:06.907, 2405, [N/A], 13.57, 51, 0
2026/09/30 14:50:07.908, 2405, [N/A], 13.45, 51, 0
2026/09/30 14:50:08.908, 2405, [N/A], 13.49, 50, 0
2026/09/30 14:50:09.908, 2405, [N/A], 13.27, 51, 0
2026/09/30 14:50:10.908, 2405, [N/A], 13.35, 51, 0
2026/09/30 14:50:11.909, 2405, [N/A], 13.11, 51, 0
2026/09/30 14:50:12.909, 2405, [N/A], 12.88, 50, 0
2026/09/30 14:50:13.909, 2405, [N/A], 12.15, 50, 0
2026/09/30 14:50:14.910, 2405, [N/A], 12.10, 50, 0
2026/09/30 14:50:15.910, 2405, [N/A], 12.05, 50, 0
2026/09/30 14:50:16.910, 2405, [N/A], 12.05, 50, 0
2026/09/30 14:50:17.910, 2405, [N/A], 12.07, 50, 0
2026/09/30 14:50:18.910, 2405, [N/A], 12.09, 50, 0
2026/09/30 14:50:19.910, 2405, [N/A], 13.35, 50, 0
2026/09/30 14:50:20.911, 2405, [N/A], 12.51, 50, 0
2026/09/30 14:50:21.911, 2405, [N/A], 13.23, 50, 0
2026/09/30 14:50:22.911, 2405, [N/A], 13.33, 50, 0
2026/09/30 14:50:23.911, 2405, [N/A], 13.46, 50, 0
2026/09/30 14:50:24.912, 2405, [N/A], 13.39, 51, 0
2026/09/30 14:50:25.912, 2405, [N/A], 13.52, 51, 0
2026/09/30 14:50:26.912, 2405, [N/A], 13.10, 51, 0
2026/09/30 14:50:27.912, 2405, [N/A], 12.62, 50, 0
2026/09/30 14:50:28.913, 2405, [N/A], 12.78, 51, 0
2026/09/30 14:50:29.913, 2405, [N/A], 12.60, 50, 0
2026/09/30 14:50:30.913, 2405, [N/A], 12.08, 50, 0
2026/09/30 14:50:31.913, 2405, [N/A], 12.95, 50, 0
2026/09/30 14:50:32.913, 2405, [N/A], 13.63, 51, 0
2026/09/30 14:50:33.914, 2405, [N/A], 13.63, 51, 0
2026/09/30 14:50:34.914, 2405, [N/A], 13.30, 51, 0
2026/09/30 14:50:35.914, 2405, [N/A], 13.51, 51, 0
2026/09/30 14:50:36.914, 2405, [N/A], 12.82, 51, 0
2026/09/30 14:50:37.914, 2405, [N/A], 13.39, 51, 0
2026/09/30 14:50:38.915, 2405, [N/A], 13.58, 51, 0
2026/09/30 14:50:39.915, 2405, [N/A], 13.33, 51, 0
2026/09/30 14:50:40.915, 2405, [N/A], 13.39, 50, 0
2026/09/30 14:50:41.915, 2405, [N/A], 13.15, 51, 0
2026/09/30 14:50:42.915, 2405, [N/A], 13.46, 51, 0
2026/09/30 14:50:43.916, 2405, [N/A], 13.31, 51, 0
2026/09/30 14:50:44.916, 2405, [N/A], 13.21, 50, 0
2026/09/30 14:50:45.916, 2405, [N/A], 12.05, 50, 0
2026/09/30 14:50:46.916, 2405, [N/A], 12.05, 50, 0
2026/09/30 14:50:47.916, 2405, [N/A], 13.03, 51, 0
2026/09/30 14:50:48.917, 2405, [N/A], 13.49, 51, 0
2026/09/30 14:50:49.917, 2405, [N/A], 13.54, 51, 0
2026/09/30 14:50:50.917, 2405, [N/A], 13.38, 51, 0
2026/09/30 14:50:51.917, 2405, [N/A], 13.56, 51, 0
2026/09/30 14:50:52.918, 2405, [N/A], 13.55, 51, 0
2026/09/30 14:50:53.918, 2405, [N/A], 13.53, 51, 0
2026/09/30 14:50:54.918, 2405, [N/A], 13.54, 51, 0
2026/09/30 14:50:55.918, 2405, [N/A], 13.58, 51, 0
2026/09/30 14:50:56.919, 2405, [N/A], 13.56, 51, 0
2026/09/30 14:50:57.919, 2405, [N/A], 13.62, 51, 0
2026/09/30 14:50:58.919, 2405, [N/A], 13.31, 51, 0
2026/09/30 14:50:59.919, 2405, [N/A], 13.59, 51, 0
2026/09/30 14:51:00.920, 2405, [N/A], 13.58, 51, 0
2026/09/30 14:51:01.920, 2405, [N/A], 13.55, 51, 0
2026/09/30 14:51:02.920, 2405, [N/A], 13.59, 51, 0
2026/09/30 14:51:03.920, 2405, [N/A], 13.59, 50, 0
2026/09/30 14:51:04.920, 2405, [N/A], 13.59, 50, 0
2026/09/30 14:51:05.921, 2405, [N/A], 13.57, 50, 0
2026/09/30 14:51:06.921, 2405, [N/A], 13.67, 50, 0
2026/09/30 14:51:07.921, 2405, [N/A], 13.53, 50, 1
2026/09/30 14:51:08.921, 2405, [N/A], 13.60, 50, 1
2026/09/30 14:51:09.921, 2405, [N/A], 13.58, 50, 6
2026/09/30 14:51:10.921, 2405, [N/A], 13.48, 51, 0
2026/09/30 14:51:11.922, 2405, [N/A], 13.39, 51, 0
2026/09/30 14:51:12.922, 2405, [N/A], 13.24, 51, 0
2026/09/30 14:51:13.922, 2405, [N/A], 13.18, 51, 0
2026/09/30 14:51:14.922, 2405, [N/A], 13.26, 51, 7
2026/09/30 14:51:15.922, 2405, [N/A], 13.24, 50, 6
2026/09/30 14:51:16.923, 2405, [N/A], 13.30, 50, 10
2026/09/30 14:51:17.923, 2405, [N/A], 13.31, 50, 0
2026/09/30 14:51:18.923, 2405, [N/A], 13.30, 50, 0
2026/09/30 14:51:19.924, 2405, [N/A], 13.21, 50, 0
2026/09/30 14:51:20.924, 2405, [N/A], 13.18, 50, 0
2026/09/30 14:51:21.924, 2405, [N/A], 13.16, 50, 0
2026/09/30 14:51:22.924, 2405, [N/A], 13.18, 50, 0
2026/09/30 14:51:23.924, 2405, [N/A], 13.15, 50, 0
2026/09/30 14:51:24.925, 2405, [N/A], 13.21, 50, 0
2026/09/30 14:51:25.925, 2405, [N/A], 13.22, 50, 0
2026/09/30 14:51:26.925, 2405, [N/A], 13.23, 50, 0
2026/09/30 14:51:27.925, 2405, [N/A], 13.26, 50, 7
2026/09/30 14:51:28.925, 2405, [N/A], 13.21, 50, 7
2026/09/30 14:51:29.926, 2398, [N/A], 13.18, 50, 0
2026/09/30 14:51:30.926, 2398, [N/A], 13.14, 50, 0
2026/09/30 14:51:31.926, 2405, [N/A], 13.25, 50, 0
2026/09/30 14:51:32.926, 2398, [N/A], 13.26, 50, 0
2026/09/30 14:51:33.926, 2398, [N/A], 13.26, 50, 0
2026/09/30 14:51:34.927, 2398, [N/A], 13.31, 50, 0
2026/09/30 14:51:35.927, 2398, [N/A], 13.25, 50, 0
2026/09/30 14:51:36.927, 2398, [N/A], 13.30, 50, 0
2026/09/30 14:51:37.927, 2398, [N/A], 13.22, 50, 0
2026/09/30 14:51:38.927, 2405, [N/A], 13.18, 50, 0
2026/09/30 14:51:39.927, 2405, [N/A], 13.20, 50, 0
2026/09/30 14:51:40.928, 2405, [N/A], 13.19, 50, 0
2026/09/30 14:51:41.928, 2405, [N/A], 13.18, 50, 0
2026/09/30 14:51:42.928, 2405, [N/A], 13.17, 50, 0
2026/09/30 14:51:43.928, 2405, [N/A], 13.14, 50, 0
2026/09/30 14:51:44.928, 2405, [N/A], 13.16, 50, 0
2026/09/30 14:51:45.928, 2405, [N/A], 13.22, 50, 0
2026/09/30 14:51:46.929, 2405, [N/A], 13.24, 50, 0
2026/09/30 14:51:47.929, 2405, [N/A], 13.14, 50, 7
2026/09/30 14:51:48.929, 2398, [N/A], 13.16, 49, 0
2026/09/30 14:51:49.929, 2398, [N/A], 13.18, 49, 0
2026/09/30 14:51:50.929, 2398, [N/A], 13.19, 49, 0
2026/09/30 14:51:51.930, 2398, [N/A], 13.22, 49, 0
2026/09/30 14:51:52.930, 2398, [N/A], 13.23, 49, 0
2026/09/30 14:51:53.930, 2398, [N/A], 13.27, 49, 0
2026/09/30 14:51:54.930, 2398, [N/A], 13.27, 49, 0
2026/09/30 14:51:55.930, 2405, [N/A], 13.21, 50, 0
2026/09/30 14:51:56.931, 2405, [N/A], 13.20, 50, 0
2026/09/30 14:51:57.931, 2398, [N/A], 13.17, 50, 0
2026/09/30 14:51:58.931, 2405, [N/A], 13.14, 50, 0
2026/09/30 14:51:59.931, 2405, [N/A], 13.15, 50, 0
2026/09/30 14:52:00.932, 2405, [N/A], 13.17, 50, 0
2026/09/30 14:52:01.932, 2405, [N/A], 13.18, 50, 0
2026/09/30 14:52:02.932, 2405, [N/A], 13.20, 50, 0
2026/09/30 14:52:03.932, 2405, [N/A], 13.17, 50, 0
2026/09/30 14:52:04.932, 2405, [N/A], 13.12, 50, 0
2026/09/30 14:52:05.932, 2405, [N/A], 13.15, 50, 0
2026/09/30 14:52:06.932, 2405, [N/A], 13.13, 50, 0
2026/09/30 14:52:07.933, 2405, [N/A], 13.12, 50, 0
2026/09/30 14:52:08.933, 2405, [N/A], 13.15, 50, 7
2026/09/30 14:52:09.933, 2405, [N/A], 13.17, 50, 7
2026/09/30 14:52:10.934, 2405, [N/A], 13.20, 49, 7
2026/09/30 14:52:11.934, 2398, [N/A], 13.16, 49, 0
2026/09/30 14:52:12.934, 2398, [N/A], 13.00, 49, 0
2026/09/30 14:52:13.934, 2398, [N/A], 13.19, 49, 0
2026/09/30 14:52:14.934, 2405, [N/A], 13.20, 49, 0
2026/09/30 14:52:15.935, 2398, [N/A], 13.21, 49, 0
2026/09/30 14:52:16.935, 2405, [N/A], 13.18, 49, 0
2026/09/30 14:52:17.935, 2398, [N/A], 13.16, 49, 0
2026/09/30 14:52:18.935, 2405, [N/A], 13.15, 50, 0
2026/09/30 14:52:19.936, 2405, [N/A], 13.19, 50, 0
2026/09/30 14:52:20.936, 2405, [N/A], 13.09, 50, 0
2026/09/30 14:52:21.936, 2405, [N/A], 13.07, 50, 0
2026/09/30 14:52:22.936, 2405, [N/A], 13.10, 50, 0
2026/09/30 14:52:23.936, 2405, [N/A], 13.11, 50, 0
2026/09/30 14:52:24.936, 2405, [N/A], 13.08, 50, 0
2026/09/30 14:52:25.937, 2405, [N/A], 13.16, 50, 0
2026/09/30 14:52:26.937, 2405, [N/A], 13.11, 50, 0
2026/09/30 14:52:27.937, 2405, [N/A], 13.14, 50, 0
2026/09/30 14:52:28.937, 2405, [N/A], 13.13, 50, 0
2026/09/30 14:52:29.937, 2405, [N/A], 13.10, 50, 0
2026/09/30 14:52:30.938, 2405, [N/A], 13.10, 50, 7
2026/09/30 14:52:31.938, 2398, [N/A], 13.05, 49, 0
2026/09/30 14:52:32.938, 2398, [N/A], 13.16, 49, 0
2026/09/30 14:52:33.938, 2398, [N/A], 13.17, 49, 0
2026/09/30 14:52:34.938, 2405, [N/A], 13.18, 49, 0
2026/09/30 14:52:35.939, 2405, [N/A], 13.14, 49, 0
2026/09/30 14:52:36.939, 2405, [N/A], 13.18, 49, 0
2026/09/30 14:52:37.939, 2405, [N/A], 13.12, 49, 0
2026/09/30 14:52:38.939, 2405, [N/A], 13.09, 49, 0
2026/09/30 14:52:39.939, 2405, [N/A], 13.13, 49, 0
2026/09/30 14:52:40.939, 2405, [N/A], 13.13, 50, 0
2026/09/30 14:52:41.940, 2405, [N/A], 13.06, 49, 0
2026/09/30 14:52:42.940, 2405, [N/A], 13.08, 49, 0
2026/09/30 14:52:43.940, 2405, [N/A], 13.11, 49, 0
2026/09/30 14:52:44.940, 2405, [N/A], 13.11, 49, 0
2026/09/30 14:52:45.940, 2405, [N/A], 13.12, 49, 0
2026/09/30 14:52:46.940, 2405, [N/A], 13.09, 49, 0
2026/09/30 14:52:47.941, 2405, [N/A], 13.07, 49, 5
2026/09/30 14:52:48.941, 2405, [N/A], 13.07, 49, 7
2026/09/30 14:52:49.942, 2405, [N/A], 13.12, 50, 7
2026/09/30 14:52:50.942, 2398, [N/A], 13.15, 49, 0
2026/09/30 14:52:51.942, 2398, [N/A], 13.15, 49, 0
2026/09/30 14:52:52.942, 2398, [N/A], 13.06, 49, 0
2026/09/30 14:52:53.943, 2405, [N/A], 13.14, 49, 0
2026/09/30 14:52:54.943, 2405, [N/A], 13.16, 49, 0
2026/09/30 14:52:55.943, 2405, [N/A], 13.15, 49, 0
2026/09/30 14:52:56.943, 2405, [N/A], 13.19, 49, 0
2026/09/30 14:52:57.943, 2405, [N/A], 13.10, 49, 0
2026/09/30 14:52:58.943, 2405, [N/A], 13.08, 49, 0
2026/09/30 14:52:59.943, 2405, [N/A], 13.07, 49, 0
2026/09/30 14:53:00.944, 2405, [N/A], 13.11, 49, 0
2026/09/30 14:53:01.944, 2405, [N/A], 13.11, 49, 0
2026/09/30 14:53:02.944, 2405, [N/A], 13.13, 49, 0
2026/09/30 14:53:03.944, 2405, [N/A], 13.11, 49, 0
2026/09/30 14:53:04.944, 2405, [N/A], 13.12, 49, 0
2026/09/30 14:53:05.944, 2405, [N/A], 13.08, 49, 0
2026/09/30 14:53:06.945, 2405, [N/A], 13.09, 49, 2
2026/09/30 14:53:07.945, 2405, [N/A], 13.08, 49, 7
2026/09/30 14:53:08.945, 2398, [N/A], 13.11, 49, 1
2026/09/30 14:53:09.945, 2398, [N/A], 13.10, 49, 0
2026/09/30 14:53:10.946, 2398, [N/A], 13.02, 49, 0
2026/09/30 14:53:11.946, 2398, [N/A], 13.15, 49, 0
2026/09/30 14:53:12.946, 2398, [N/A], 13.13, 49, 0
2026/09/30 14:53:13.946, 2398, [N/A], 13.15, 49, 0
2026/09/30 14:53:14.946, 2398, [N/A], 13.10, 49, 0
2026/09/30 14:53:15.947, 2405, [N/A], 13.14, 49, 0
2026/09/30 14:53:16.947, 2405, [N/A], 13.13, 49, 0
2026/09/30 14:53:17.947, 2405, [N/A], 13.14, 49, 0
2026/09/30 14:53:18.947, 2405, [N/A], 13.11, 49, 0
2026/09/30 14:53:19.947, 2405, [N/A], 13.09, 49, 0
2026/09/30 14:53:20.948, 2405, [N/A], 13.08, 49, 0
2026/09/30 14:53:21.948, 2405, [N/A], 13.05, 49, 0
2026/09/30 14:53:22.948, 2405, [N/A], 13.07, 49, 0
2026/09/30 14:53:23.948, 2405, [N/A], 13.07, 49, 0
2026/09/30 14:53:24.949, 2405, [N/A], 13.05, 49, 0
2026/09/30 14:53:25.949, 2405, [N/A], 12.60, 49, 0
2026/09/30 14:53:26.949, 2405, [N/A], 11.90, 49, 0
2026/09/30 14:53:27.950, 2405, [N/A], 11.88, 49, 0
2026/09/30 14:53:28.950, 2405, [N/A], 11.85, 49, 0
2026/09/30 14:53:29.950, 2405, [N/A], 11.87, 49, 0
2026/09/30 14:53:30.951, 2405, [N/A], 12.10, 49, 0
2026/09/30 14:53:31.951, 2405, [N/A], 12.75, 49, 0
2026/09/30 14:53:32.951, 2405, [N/A], 13.24, 49, 0
2026/09/30 14:53:33.952, 2405, [N/A], 12.35, 49, 0
2026/09/30 14:53:34.952, 2405, [N/A], 12.19, 49, 0
2026/09/30 14:53:35.952, 2405, [N/A], 12.16, 49, 0
2026/09/30 14:53:36.952, 2405, [N/A], 13.07, 49, 0
2026/09/30 14:53:37.953, 2405, [N/A], 13.29, 49, 0
2026/09/30 14:53:38.953, 2405, [N/A], 13.19, 49, 0
2026/09/30 14:53:39.953, 2405, [N/A], 13.05, 50, 0
2026/09/30 14:53:40.953, 2405, [N/A], 13.10, 50, 0
2026/09/30 14:53:41.954, 2405, [N/A], 13.34, 50, 0
2026/09/30 14:53:42.954, 2398, [N/A], 12.28, 49, 0
2026/09/30 14:53:43.954, 2405, [N/A], 12.74, 50, 0
2026/09/30 14:53:44.954, 2405, [N/A], 13.32, 50, 0
2026/09/30 14:53:45.955, 2405, [N/A], 13.22, 50, 0
2026/09/30 14:53:46.955, 2405, [N/A], 12.22, 50, 0
2026/09/30 14:53:47.955, 2405, [N/A], 12.67, 50, 0
2026/09/30 14:53:48.956, 2405, [N/A], 12.45, 49, 0
2026/09/30 14:53:49.956, 2405, [N/A], 12.26, 50, 11
2026/09/30 14:53:50.956, 2405, [N/A], 11.86, 49, 0
2026/09/30 14:53:51.956, 2405, [N/A], 11.82, 49, 0
2026/09/30 14:53:52.957, 2418, [N/A], 12.13, 49, 9
2026/09/30 14:53:53.957, 2405, [N/A], 12.95, 49, 0
2026/09/30 14:53:54.957, 2405, [N/A], 13.22, 49, 0
2026/09/30 14:53:55.957, 2405, [N/A], 12.37, 49, 0
2026/09/30 14:53:56.958, 2405, [N/A], 12.32, 49, 0
2026/09/30 14:53:57.958, 2405, [N/A], 12.26, 49, 0
2026/09/30 14:53:58.959, 2405, [N/A], 12.31, 49, 0
2026/09/30 14:53:59.959, 2405, [N/A], 12.73, 49, 0
2026/09/30 14:54:00.960, 2405, [N/A], 12.14, 49, 0
2026/09/30 14:54:01.960, 2405, [N/A], 11.81, 49, 0
2026/09/30 14:54:02.960, 2405, [N/A], 11.82, 49, 0
2026/09/30 14:54:03.960, 2405, [N/A], 11.91, 49, 0
2026/09/30 14:54:04.961, 2405, [N/A], 11.84, 49, 0
2026/09/30 14:54:05.961, 2405, [N/A], 11.83, 49, 0
2026/09/30 14:54:06.961, 2405, [N/A], 11.82, 49, 0
2026/09/30 14:54:07.961, 2405, [N/A], 11.82, 49, 0
2026/09/30 14:54:08.961, 2405, [N/A], 11.83, 49, 0
2026/09/30 14:54:09.961, 2405, [N/A], 11.81, 49, 0
2026/09/30 14:54:10.962, 2405, [N/A], 11.80, 49, 0
2026/09/30 14:54:11.962, 2489, [N/A], 22.06, 54, 67
2026/09/30 14:54:12.962, 2470, [N/A], 41.94, 57, 68
2026/09/30 14:54:13.963, 2470, [N/A], 43.96, 53, 58
2026/09/30 14:54:14.963, 2444, [N/A], 33.24, 50, 0
2026/09/30 14:54:15.964, 2405, [N/A], 11.93, 50, 0
2026/09/30 14:54:16.964, 2405, [N/A], 11.91, 49, 0
2026/09/30 14:54:17.965, 2496, [N/A], 66.50, 62, 82
2026/09/30 14:54:18.965, 2496, [N/A], 76.06, 63, 96
2026/09/30 14:54:19.966, 2489, [N/A], 74.31, 63, 95
2026/09/30 14:54:20.966, 2496, [N/A], 78.03, 64, 96
2026/09/30 14:54:21.966, 2496, [N/A], 76.48, 65, 96
2026/09/30 14:54:22.967, 2496, [N/A], 78.47, 66, 96
2026/09/30 14:54:23.967, 2496, [N/A], 77.18, 66, 96
2026/09/30 14:54:24.968, 2489, [N/A], 77.43, 67, 96
2026/09/30 14:54:25.968, 2496, [N/A], 78.84, 67, 96
2026/09/30 14:54:26.969, 2496, [N/A], 77.09, 67, 96
2026/09/30 14:54:27.969, 2489, [N/A], 77.87, 68, 96
2026/09/30 14:54:28.970, 2496, [N/A], 79.22, 68, 96
2026/09/30 14:54:29.970, 2496, [N/A], 78.17, 69, 96
2026/09/30 14:54:30.971, 2496, [N/A], 79.20, 70, 96
2026/09/30 14:54:31.971, 2496, [N/A], 75.86, 69, 96
2026/09/30 14:54:32.971, 2489, [N/A], 78.54, 70, 96
2026/09/30 14:54:33.972, 2496, [N/A], 79.00, 71, 96
2026/09/30 14:54:34.972, 2489, [N/A], 78.92, 70, 96
2026/09/30 14:54:35.973, 2476, [N/A], 79.49, 71, 96
2026/09/30 14:54:36.973, 2476, [N/A], 79.09, 70, 96
2026/09/30 14:54:37.974, 2496, [N/A], 75.82, 71, 96
2026/09/30 14:54:38.974, 2470, [N/A], 79.58, 71, 96
2026/09/30 14:54:39.975, 2470, [N/A], 79.18, 71, 96
2026/09/30 14:54:40.975, 2470, [N/A], 79.04, 72, 96
2026/09/30 14:54:41.976, 2470, [N/A], 79.47, 72, 96
2026/09/30 14:54:42.976, 2470, [N/A], 79.23, 71, 96
2026/09/30 14:54:43.977, 2463, [N/A], 76.74, 71, 92
2026/09/30 14:54:44.977, 2470, [N/A], 80.42, 73, 96
2026/09/30 14:54:45.978, 2470, [N/A], 79.97, 73, 96
2026/09/30 14:54:46.978, 2470, [N/A], 80.00, 73, 96
2026/09/30 14:54:47.978, 2470, [N/A], 79.43, 73, 96
2026/09/30 14:54:48.979, 2470, [N/A], 80.17, 73, 96
2026/09/30 14:54:49.979, 2470, [N/A], 79.61, 73, 96
2026/09/30 14:54:50.979, 2470, [N/A], 77.11, 74, 96
2026/09/30 14:54:51.980, 2470, [N/A], 80.50, 74, 96
2026/09/30 14:54:52.980, 2470, [N/A], 80.47, 74, 96
2026/09/30 14:54:53.980, 2470, [N/A], 79.96, 74, 96
2026/09/30 14:54:54.981, 2470, [N/A], 80.61, 75, 96
2026/09/30 14:54:55.981, 2470, [N/A], 80.19, 74, 96
2026/09/30 14:54:56.981, 2463, [N/A], 77.33, 74, 96
2026/09/30 14:54:57.981, 2463, [N/A], 80.81, 75, 96
2026/09/30 14:54:58.982, 2470, [N/A], 81.05, 75, 96
2026/09/30 14:54:59.982, 2470, [N/A], 79.88, 74, 96
2026/09/30 14:55:00.983, 2470, [N/A], 81.00, 76, 96
2026/09/30 14:55:01.984, 2463, [N/A], 80.26, 75, 96
2026/09/30 14:55:02.984, 2470, [N/A], 80.65, 76, 96
2026/09/30 14:55:03.985, 2470, [N/A], 77.89, 76, 96
2026/09/30 14:55:04.985, 2470, [N/A], 81.29, 76, 96
2026/09/30 14:55:05.985, 2470, [N/A], 81.26, 76, 96
2026/09/30 14:55:06.986, 2470, [N/A], 81.12, 76, 96
2026/09/30 14:55:07.986, 2470, [N/A], 81.19, 76, 96
2026/09/30 14:55:08.987, 2470, [N/A], 81.15, 76, 96
2026/09/30 14:55:09.987, 2463, [N/A], 78.36, 77, 96
2026/09/30 14:55:10.987, 2470, [N/A], 81.08, 77, 96
2026/09/30 14:55:11.987, 2470, [N/A], 81.54, 77, 96
2026/09/30 14:55:12.988, 2470, [N/A], 80.79, 77, 96
2026/09/30 14:55:13.988, 2470, [N/A], 81.33, 77, 96
2026/09/30 14:55:14.989, 2470, [N/A], 81.09, 78, 96
2026/09/30 14:55:15.989, 2470, [N/A], 81.68, 77, 96
2026/09/30 14:55:16.989, 2463, [N/A], 57.88, 73, 90
2026/09/30 14:55:17.990, 2483, [N/A], 50.81, 71, 85
2026/09/30 14:55:18.990, 2489, [N/A], 50.86, 71, 88
2026/09/30 14:55:19.991, 2489, [N/A], 50.42, 71, 90
2026/09/30 14:55:20.992, 2496, [N/A], 50.81, 71, 92
2026/09/30 14:55:21.992, 2489, [N/A], 51.41, 70, 89
2026/09/30 14:55:22.992, 2489, [N/A], 51.53, 71, 91
2026/09/30 14:55:23.993, 2483, [N/A], 53.61, 71, 91
2026/09/30 14:55:24.994, 2496, [N/A], 52.83, 71, 90
2026/09/30 14:55:25.995, 2496, [N/A], 51.17, 70, 93
2026/09/30 14:55:26.995, 2496, [N/A], 53.08, 70, 91
2026/09/30 14:55:27.995, 2489, [N/A], 52.71, 70, 92
2026/09/30 14:55:28.996, 2496, [N/A], 52.67, 70, 90
2026/09/30 14:55:29.997, 2489, [N/A], 51.55, 70, 89
2026/09/30 14:55:30.997, 2496, [N/A], 52.12, 70, 91
2026/09/30 14:55:31.997, 2496, [N/A], 53.97, 70, 91
2026/09/30 14:55:32.998, 2489, [N/A], 51.65, 67, 82
2026/09/30 14:55:33.998, 2496, [N/A], 52.22, 70, 90
2026/09/30 14:55:34.999, 2489, [N/A], 51.80, 70, 92
2026/09/30 14:55:35.999, 2489, [N/A], 52.00, 70, 92
2026/09/30 14:55:36.999, 2496, [N/A], 51.56, 70, 90
2026/09/30 14:55:38.000, 2489, [N/A], 51.42, 71, 85
2026/09/30 14:55:39.000, 2489, [N/A], 51.47, 70, 90
2026/09/30 14:55:40.001, 2483, [N/A], 52.30, 70, 88
2026/09/30 14:55:41.001, 2489, [N/A], 52.50, 70, 90
2026/09/30 14:55:42.002, 2496, [N/A], 51.81, 69, 90
2026/09/30 14:55:43.002, 2496, [N/A], 51.96, 70, 89
2026/09/30 14:55:44.002, 2496, [N/A], 51.96, 69, 90
2026/09/30 14:55:45.003, 2489, [N/A], 51.29, 69, 91
2026/09/30 14:55:46.004, 2489, [N/A], 51.75, 69, 88
2026/09/30 14:55:47.004, 2496, [N/A], 51.55, 69, 90
2026/09/30 14:55:48.004, 2496, [N/A], 51.53, 70, 92
2026/09/30 14:55:49.004, 2489, [N/A], 51.23, 69, 86
2026/09/30 14:55:50.005, 2496, [N/A], 50.19, 69, 88
2026/09/30 14:55:51.005, 2496, [N/A], 51.92, 68, 89
2026/09/30 14:55:52.005, 2496, [N/A], 51.04, 69, 90
2026/09/30 14:55:53.005, 2489, [N/A], 51.46, 69, 91
2026/09/30 14:55:54.005, 2489, [N/A], 51.40, 68, 89
2026/09/30 14:55:55.006, 2489, [N/A], 51.55, 68, 89
2026/09/30 14:55:56.006, 2489, [N/A], 49.66, 69, 88
2026/09/30 14:55:57.007, 2489, [N/A], 50.82, 69, 87
2026/09/30 14:55:58.007, 2496, [N/A], 49.69, 69, 92
2026/09/30 14:55:59.008, 2489, [N/A], 51.03, 68, 91
2026/09/30 14:56:00.008, 2496, [N/A], 52.03, 69, 93
2026/09/30 14:56:01.008, 2496, [N/A], 51.31, 69, 90
2026/09/30 14:56:02.008, 2489, [N/A], 51.69, 68, 94
2026/09/30 14:56:03.009, 2496, [N/A], 50.74, 69, 91
2026/09/30 14:56:04.009, 2489, [N/A], 50.84, 69, 89
2026/09/30 14:56:05.010, 2489, [N/A], 51.18, 69, 91
2026/09/30 14:56:06.010, 2496, [N/A], 51.85, 70, 90
2026/09/30 14:56:07.010, 2489, [N/A], 53.23, 69, 87
2026/09/30 14:56:08.010, 2489, [N/A], 52.62, 69, 92
2026/09/30 14:56:09.010, 2489, [N/A], 52.52, 70, 91
2026/09/30 14:56:10.011, 2489, [N/A], 52.64, 69, 88
2026/09/30 14:56:11.011, 2496, [N/A], 53.04, 70, 90
2026/09/30 14:56:12.011, 2489, [N/A], 53.16, 69, 89
2026/09/30 14:56:13.012, 2496, [N/A], 52.95, 70, 90
2026/09/30 14:56:14.012, 2489, [N/A], 49.07, 67, 73
2026/09/30 14:56:15.012, 2489, [N/A], 49.60, 68, 68
2026/09/30 14:56:16.013, 2489, [N/A], 50.38, 69, 91
2026/09/30 14:56:17.013, 2489, [N/A], 53.20, 69, 87
2026/09/30 14:56:18.014, 2489, [N/A], 52.80, 69, 88
2026/09/30 14:56:19.015, 2489, [N/A], 52.36, 70, 89
2026/09/30 14:56:20.015, 2489, [N/A], 52.64, 68, 87
2026/09/30 14:56:21.016, 2489, [N/A], 52.33, 68, 92
2026/09/30 14:56:22.017, 2489, [N/A], 53.35, 69, 89
2026/09/30 14:56:23.018, 2489, [N/A], 52.39, 69, 90
2026/09/30 14:56:24.018, 2496, [N/A], 51.19, 69, 90
2026/09/30 14:56:25.018, 2489, [N/A], 51.73, 69, 90
2026/09/30 14:56:26.019, 2496, [N/A], 51.97, 69, 90
2026/09/30 14:56:27.019, 2496, [N/A], 51.53, 69, 93
2026/09/30 14:56:28.020, 2496, [N/A], 51.77, 69, 89
2026/09/30 14:56:29.020, 2489, [N/A], 51.81, 69, 93
2026/09/30 14:56:30.020, 2489, [N/A], 51.32, 69, 89
2026/09/30 14:56:31.021, 2489, [N/A], 51.35, 69, 88
2026/09/30 14:56:32.021, 2496, [N/A], 50.92, 69, 90
2026/09/30 14:56:33.021, 2496, [N/A], 51.95, 69, 92
2026/09/30 14:56:34.022, 2489, [N/A], 51.89, 69, 87
2026/09/30 14:56:35.022, 2489, [N/A], 49.30, 69, 86
2026/09/30 14:56:36.022, 2489, [N/A], 50.43, 69, 78
2026/09/30 14:56:37.023, 2489, [N/A], 49.43, 69, 89
2026/09/30 14:56:38.023, 2489, [N/A], 51.40, 69, 91
2026/09/30 14:56:39.023, 2496, [N/A], 51.72, 70, 89
2026/09/30 14:56:40.023, 2496, [N/A], 50.99, 69, 91
2026/09/30 14:56:41.024, 2496, [N/A], 51.62, 69, 91
2026/09/30 14:56:42.024, 2489, [N/A], 51.40, 70, 96
2026/09/30 14:56:43.024, 2496, [N/A], 51.65, 69, 92
2026/09/30 14:56:44.024, 2489, [N/A], 51.85, 69, 91
2026/09/30 14:56:45.025, 2496, [N/A], 51.54, 70, 90
2026/09/30 14:56:46.025, 2496, [N/A], 51.60, 69, 91
2026/09/30 14:56:47.025, 2496, [N/A], 51.49, 69, 90
2026/09/30 14:56:48.026, 2496, [N/A], 51.62, 70, 91
2026/09/30 14:56:49.026, 2496, [N/A], 51.95, 69, 91
2026/09/30 14:56:50.026, 2496, [N/A], 51.44, 69, 91
2026/09/30 14:56:51.027, 2496, [N/A], 51.72, 69, 91
2026/09/30 14:56:52.028, 2496, [N/A], 51.69, 69, 91
2026/09/30 14:56:53.029, 2496, [N/A], 51.05, 70, 90
2026/09/30 14:56:54.029, 2496, [N/A], 51.85, 69, 92
2026/09/30 14:56:55.029, 2496, [N/A], 51.31, 69, 76
2026/09/30 14:56:56.029, 2489, [N/A], 49.61, 69, 87
2026/09/30 14:56:57.029, 2483, [N/A], 49.08, 69, 82
2026/09/30 14:56:58.030, 2489, [N/A], 50.81, 69, 88
2026/09/30 14:56:59.031, 2489, [N/A], 52.33, 69, 88
2026/09/30 14:57:00.032, 2489, [N/A], 51.73, 70, 90
2026/09/30 14:57:01.032, 2489, [N/A], 53.19, 69, 91
2026/09/30 14:57:02.032, 2489, [N/A], 51.67, 69, 90
2026/09/30 14:57:03.032, 2489, [N/A], 52.65, 70, 93
2026/09/30 14:57:04.033, 2489, [N/A], 51.89, 69, 93
2026/09/30 14:57:05.033, 2489, [N/A], 51.69, 69, 87
2026/09/30 14:57:06.033, 2489, [N/A], 53.09, 70, 93
2026/09/30 14:57:07.034, 2489, [N/A], 52.69, 70, 91
2026/09/30 14:57:08.034, 2489, [N/A], 52.08, 70, 91
2026/09/30 14:57:09.035, 2489, [N/A], 52.81, 70, 91
2026/09/30 14:57:10.035, 2489, [N/A], 53.59, 70, 93
2026/09/30 14:57:11.036, 2489, [N/A], 52.76, 70, 91
2026/09/30 14:57:12.036, 2489, [N/A], 52.77, 71, 93
2026/09/30 14:57:13.037, 2489, [N/A], 52.48, 70, 90
2026/09/30 14:57:14.037, 2483, [N/A], 50.49, 70, 83
2026/09/30 14:57:15.037, 2483, [N/A], 49.88, 70, 81
2026/09/30 14:57:16.038, 2489, [N/A], 49.04, 69, 56
2026/09/30 14:57:17.038, 2489, [N/A], 52.80, 69, 84
2026/09/30 14:57:18.039, 2489, [N/A], 52.48, 68, 76
2026/09/30 14:57:19.040, 2489, [N/A], 52.83, 69, 86
2026/09/30 14:57:20.041, 2489, [N/A], 52.66, 70, 90
2026/09/30 14:57:21.041, 2489, [N/A], 52.78, 70, 88
2026/09/30 14:57:22.042, 2489, [N/A], 52.70, 70, 88
2026/09/30 14:57:23.042, 2489, [N/A], 52.38, 70, 87
2026/09/30 14:57:24.043, 2489, [N/A], 52.49, 70, 87
2026/09/30 14:57:25.043, 2489, [N/A], 51.92, 70, 89
2026/09/30 14:57:26.043, 2489, [N/A], 53.03, 71, 92
2026/09/30 14:57:27.044, 2489, [N/A], 52.32, 71, 92
2026/09/30 14:57:28.045, 2489, [N/A], 52.80, 71, 84
2026/09/30 14:57:29.046, 2489, [N/A], 51.95, 69, 86
2026/09/30 14:57:30.046, 2489, [N/A], 53.03, 71, 92
2026/09/30 14:57:31.047, 2489, [N/A], 51.65, 70, 88
2026/09/30 14:57:32.047, 2489, [N/A], 50.65, 70, 86
2026/09/30 14:57:33.047, 2483, [N/A], 51.18, 70, 82
2026/09/30 14:57:34.048, 2489, [N/A], 52.32, 70, 89
2026/09/30 14:57:35.048, 2489, [N/A], 53.28, 70, 85
2026/09/30 14:57:36.048, 2489, [N/A], 52.76, 70, 86
2026/09/30 14:57:37.048, 2489, [N/A], 54.49, 70, 88
2026/09/30 14:57:38.049, 2489, [N/A], 53.23, 70, 89
2026/09/30 14:57:39.049, 2489, [N/A], 53.73, 70, 87
2026/09/30 14:57:40.050, 2489, [N/A], 53.58, 71, 92
2026/09/30 14:57:41.050, 2489, [N/A], 52.82, 71, 90
2026/09/30 14:57:42.050, 2489, [N/A], 53.79, 70, 91
2026/09/30 14:57:43.050, 2489, [N/A], 52.83, 71, 93
2026/09/30 14:57:44.051, 2489, [N/A], 53.54, 70, 92
2026/09/30 14:57:45.051, 2489, [N/A], 53.51, 69, 89
2026/09/30 14:57:46.052, 2489, [N/A], 52.70, 69, 85
2026/09/30 14:57:47.052, 2489, [N/A], 54.26, 71, 90
2026/09/30 14:57:48.053, 2489, [N/A], 52.70, 71, 88
2026/09/30 14:57:49.054, 2489, [N/A], 53.51, 71, 92
2026/09/30 14:57:50.054, 2483, [N/A], 51.35, 70, 82
2026/09/30 14:57:51.054, 2476, [N/A], 53.12, 70, 92
2026/09/30 14:57:52.054, 2483, [N/A], 49.95, 70, 82
2026/09/30 14:57:53.055, 2489, [N/A], 52.04, 70, 87
2026/09/30 14:57:54.055, 2483, [N/A], 52.68, 70, 88
2026/09/30 14:57:55.056, 2489, [N/A], 52.64, 71, 89
2026/09/30 14:57:56.056, 2489, [N/A], 52.14, 71, 91
2026/09/30 14:57:57.057, 2483, [N/A], 52.25, 71, 90
2026/09/30 14:57:58.057, 2489, [N/A], 52.37, 70, 89
2026/09/30 14:57:59.058, 2483, [N/A], 52.72, 71, 86
2026/09/30 14:58:00.058, 2489, [N/A], 52.60, 70, 91
2026/09/30 14:58:01.059, 2489, [N/A], 53.33, 70, 91
2026/09/30 14:58:02.059, 2489, [N/A], 52.50, 71, 88
2026/09/30 14:58:03.060, 2489, [N/A], 52.81, 70, 91
2026/09/30 14:58:04.061, 2489, [N/A], 53.14, 71, 90
2026/09/30 14:58:05.061, 2489, [N/A], 52.56, 71, 91
2026/09/30 14:58:06.062, 2418, [N/A], 52.84, 71, 90
2026/09/30 14:58:07.075, 2489, [N/A], 52.77, 71, 93
2026/09/30 14:58:08.075, 2489, [N/A], 50.89, 69, 88
2026/09/30 14:58:09.075, 2483, [N/A], 49.60, 68, 82
2026/09/30 14:58:10.076, 2470, [N/A], 51.08, 69, 85
2026/09/30 14:58:11.076, 2496, [N/A], 52.99, 70, 92
2026/09/30 14:58:12.077, 2496, [N/A], 51.23, 70, 94
2026/09/30 14:58:13.077, 2489, [N/A], 53.09, 71, 96
2026/09/30 14:58:14.078, 2496, [N/A], 53.93, 71, 89
2026/09/30 14:58:15.078, 2483, [N/A], 55.51, 72, 92
2026/09/30 14:58:16.079, 2496, [N/A], 53.19, 72, 92
2026/09/30 14:58:17.079, 2496, [N/A], 55.04, 71, 92
2026/09/30 14:58:18.080, 2496, [N/A], 55.25, 71, 96
2026/09/30 14:58:19.081, 2476, [N/A], 54.56, 71, 96
2026/09/30 14:58:20.081, 2489, [N/A], 54.17, 70, 93
2026/09/30 14:58:21.082, 2483, [N/A], 52.56, 71, 91
2026/09/30 14:58:22.083, 2483, [N/A], 53.71, 72, 93
2026/09/30 14:58:23.084, 2470, [N/A], 55.26, 72, 91
2026/09/30 14:58:24.084, 2470, [N/A], 54.87, 72, 91
2026/09/30 14:58:25.084, 2476, [N/A], 54.12, 71, 96
2026/09/30 14:58:26.085, 2496, [N/A], 51.98, 71, 93
2026/09/30 14:58:27.086, 2489, [N/A], 52.09, 71, 95
2026/09/30 14:58:28.086, 2489, [N/A], 54.65, 72, 88
2026/09/30 14:58:29.087, 2470, [N/A], 54.92, 72, 94
2026/09/30 14:58:30.088, 2489, [N/A], 55.32, 72, 96
2026/09/30 14:58:31.088, 2496, [N/A], 51.39, 72, 93
2026/09/30 14:58:32.089, 2496, [N/A], 50.84, 71, 91
2026/09/30 14:58:33.089, 2470, [N/A], 54.64, 72, 88
2026/09/30 14:58:34.090, 2470, [N/A], 55.59, 72, 93
2026/09/30 14:58:35.090, 2476, [N/A], 55.14, 72, 88
2026/09/30 14:58:36.091, 2489, [N/A], 53.51, 71, 89
2026/09/30 14:58:37.091, 2489, [N/A], 49.93, 70, 89
2026/09/30 14:58:38.091, 2470, [N/A], 53.48, 72, 93
2026/09/30 14:58:39.091, 2476, [N/A], 55.95, 72, 94
2026/09/30 14:58:40.092, 2476, [N/A], 55.65, 72, 91
2026/09/30 14:58:41.092, 2476, [N/A], 54.69, 71, 95
2026/09/30 14:58:42.092, 2496, [N/A], 50.85, 71, 92
2026/09/30 14:58:43.094, 2476, [N/A], 51.85, 70, 93
2026/09/30 14:58:44.094, 2470, [N/A], 55.83, 72, 94
2026/09/30 14:58:45.094, 2470, [N/A], 55.49, 72, 93
2026/09/30 14:58:46.094, 2476, [N/A], 55.62, 72, 90
2026/09/30 14:58:47.094, 2496, [N/A], 51.88, 72, 94
2026/09/30 14:58:48.095, 2470, [N/A], 50.19, 72, 92
2026/09/30 14:58:49.096, 2476, [N/A], 53.08, 73, 93
2026/09/30 14:58:50.096, 2470, [N/A], 58.61, 74, 89
2026/09/30 14:58:51.096, 2476, [N/A], 59.03, 73, 95
2026/09/30 14:58:52.097, 2476, [N/A], 59.52, 73, 90
2026/09/30 14:58:53.097, 2476, [N/A], 58.64, 73, 96
2026/09/30 14:58:54.097, 2476, [N/A], 59.19, 74, 96
2026/09/30 14:58:55.098, 2476, [N/A], 58.54, 74, 96
2026/09/30 14:58:56.098, 2470, [N/A], 53.49, 71, 94
2026/09/30 14:58:57.098, 2470, [N/A], 54.97, 73, 83
2026/09/30 14:58:58.098, 2476, [N/A], 58.38, 74, 96
2026/09/30 14:58:59.099, 2476, [N/A], 61.46, 75, 96
2026/09/30 14:59:00.099, 2476, [N/A], 58.59, 73, 94
2026/09/30 14:59:01.099, 2476, [N/A], 64.63, 75, 96
2026/09/30 14:59:02.099, 2476, [N/A], 58.96, 73, 96
2026/09/30 14:59:03.100, 2476, [N/A], 57.40, 74, 92
2026/09/30 14:59:04.100, 2463, [N/A], 51.11, 72, 92
2026/09/30 14:59:05.100, 2463, [N/A], 53.62, 72, 96
2026/09/30 14:59:06.100, 2476, [N/A], 58.71, 74, 94
2026/09/30 14:59:07.101, 2476, [N/A], 60.07, 74, 94
2026/09/30 14:59:08.101, 2476, [N/A], 59.98, 74, 94
2026/09/30 14:59:09.101, 2476, [N/A], 59.31, 74, 96
2026/09/30 14:59:10.101, 2476, [N/A], 59.85, 75, 96
2026/09/30 14:59:11.102, 2476, [N/A], 58.92, 74, 96
2026/09/30 14:59:12.102, 2470, [N/A], 52.62, 74, 94
2026/09/30 14:59:13.102, 2470, [N/A], 54.22, 74, 87
2026/09/30 14:59:14.102, 2470, [N/A], 57.92, 74, 96
2026/09/30 14:59:15.103, 2470, [N/A], 58.42, 77, 96
2026/09/30 14:59:16.103, 2470, [N/A], 58.17, 74, 96
2026/09/30 14:59:17.103, 2476, [N/A], 59.10, 75, 94
2026/09/30 14:59:18.103, 2476, [N/A], 60.98, 75, 96
2026/09/30 14:59:19.104, 2476, [N/A], 58.48, 75, 94
2026/09/30 14:59:20.104, 2470, [N/A], 52.95, 74, 93
2026/09/30 14:59:21.104, 2470, [N/A], 55.80, 75, 90
2026/09/30 14:59:22.104, 2476, [N/A], 60.57, 75, 94
2026/09/30 14:59:23.105, 2476, [N/A], 58.96, 75, 93
2026/09/30 14:59:24.105, 2476, [N/A], 58.53, 75, 96
2026/09/30 14:59:25.105, 2476, [N/A], 58.61, 75, 94
2026/09/30 14:59:26.106, 2476, [N/A], 58.25, 75, 94
2026/09/30 14:59:27.106, 2476, [N/A], 55.27, 73, 96
2026/09/30 14:59:28.106, 2476, [N/A], 52.05, 75, 93
2026/09/30 14:59:29.106, 2476, [N/A], 57.02, 75, 90
2026/09/30 14:59:30.106, 2476, [N/A], 59.83, 77, 96
2026/09/30 14:59:31.107, 2476, [N/A], 60.24, 75, 96
2026/09/30 14:59:32.107, 2476, [N/A], 60.28, 75, 94
2026/09/30 14:59:33.107, 2476, [N/A], 60.42, 75, 94
2026/09/30 14:59:34.108, 2476, [N/A], 58.08, 75, 93
2026/09/30 14:59:35.108, 2476, [N/A], 53.79, 73, 96
2026/09/30 14:59:36.108, 2476, [N/A], 52.85, 75, 96
2026/09/30 14:59:37.109, 2476, [N/A], 57.25, 75, 96
2026/09/30 14:59:38.109, 2476, [N/A], 58.64, 75, 96
2026/09/30 14:59:39.109, 2476, [N/A], 61.33, 75, 96
2026/09/30 14:59:40.109, 2476, [N/A], 59.78, 76, 94
2026/09/30 14:59:41.109, 2476, [N/A], 60.16, 76, 94
2026/09/30 14:59:42.110, 2476, [N/A], 59.46, 76, 94
2026/09/30 14:59:43.110, 2470, [N/A], 53.73, 74, 94
2026/09/30 14:59:44.111, 2457, [N/A], 77.42, 80, 96
2026/09/30 14:59:45.112, 2450, [N/A], 83.86, 80, 96
2026/09/30 14:59:46.113, 2437, [N/A], 85.79, 79, 96
2026/09/30 14:59:47.114, 2431, [N/A], 85.89, 81, 96
2026/09/30 14:59:48.115, 2437, [N/A], 85.53, 81, 96
2026/09/30 14:59:49.116, 2444, [N/A], 86.64, 82, 96
2026/09/30 14:59:50.116, 2437, [N/A], 85.79, 82, 96
2026/09/30 14:59:51.116, 2450, [N/A], 66.63, 75, 96
2026/09/30 14:59:52.117, 2470, [N/A], 52.40, 75, 74
2026/09/30 14:59:53.118, 2411, [N/A], 23.67, 68, 0
2026/09/30 14:59:54.119, 2450, [N/A], 70.80, 80, 96
2026/09/30 14:59:55.120, 2457, [N/A], 84.21, 81, 96
2026/09/30 14:59:56.121, 2431, [N/A], 85.98, 80, 96
2026/09/30 14:59:57.122, 2450, [N/A], 85.99, 80, 96
2026/09/30 14:59:58.122, 2444, [N/A], 86.37, 80, 96
2026/09/30 14:59:59.123, 2424, [N/A], 85.85, 82, 96
2026/09/30 15:00:00.123, 2437, [N/A], 86.27, 82, 96
2026/09/30 15:00:01.123, 2457, [N/A], 69.73, 71, 96
2026/09/30 15:00:02.124, 2470, [N/A], 32.23, 75, 0
2026/09/30 15:00:03.124, 2470, [N/A], 54.67, 74, 92
2026/09/30 15:00:04.125, 2470, [N/A], 54.31, 75, 92
2026/09/30 15:00:05.125, 2463, [N/A], 54.47, 74, 91
2026/09/30 15:00:06.126, 2470, [N/A], 54.10, 74, 91
2026/09/30 15:00:07.126, 2470, [N/A], 54.42, 73, 94
2026/09/30 15:00:08.126, 2470, [N/A], 54.36, 74, 88
2026/09/30 15:00:09.126, 2470, [N/A], 55.00, 74, 91
2026/09/30 15:00:10.127, 2470, [N/A], 52.55, 73, 92
2026/09/30 15:00:11.128, 2470, [N/A], 52.06, 73, 92
2026/09/30 15:00:12.129, 2470, [N/A], 51.90, 73, 90
2026/09/30 15:00:13.129, 2470, [N/A], 51.55, 73, 90
2026/09/30 15:00:14.130, 2463, [N/A], 52.40, 73, 91
2026/09/30 15:00:15.130, 2463, [N/A], 53.44, 72, 90
2026/09/30 15:00:16.131, 2463, [N/A], 52.90, 72, 87
2026/09/30 15:00:17.132, 2463, [N/A], 53.41, 72, 87
2026/09/30 15:00:18.133, 2463, [N/A], 53.59, 73, 91
2026/09/30 15:00:19.133, 2470, [N/A], 53.43, 72, 88
2026/09/30 15:00:20.134, 2463, [N/A], 51.98, 72, 92
2026/09/30 15:00:21.134, 2463, [N/A], 53.20, 73, 93
2026/09/30 15:00:22.135, 2463, [N/A], 52.63, 72, 85
2026/09/30 15:00:23.135, 2470, [N/A], 53.21, 72, 93
2026/09/30 15:00:24.136, 2470, [N/A], 53.76, 72, 92
2026/09/30 15:00:25.137, 2463, [N/A], 53.59, 72, 89
2026/09/30 15:00:26.138, 2483, [N/A], 52.68, 72, 88
2026/09/30 15:00:27.138, 2489, [N/A], 53.04, 70, 90
2026/09/30 15:00:28.139, 2470, [N/A], 52.21, 71, 90
2026/09/30 15:00:29.139, 2476, [N/A], 53.22, 71, 90
2026/09/30 15:00:30.139, 2470, [N/A], 51.33, 70, 90
2026/09/30 15:00:31.139, 2489, [N/A], 52.12, 71, 92
2026/09/30 15:00:32.140, 2489, [N/A], 52.23, 71, 87
2026/09/30 15:00:33.140, 2483, [N/A], 53.57, 71, 93
2026/09/30 15:00:34.140, 2489, [N/A], 50.63, 72, 94
2026/09/30 15:00:35.140, 2489, [N/A], 54.39, 71, 92
2026/09/30 15:00:36.140, 2470, [N/A], 54.93, 71, 93
2026/09/30 15:00:37.141, 2483, [N/A], 55.02, 71, 91
2026/09/30 15:00:38.141, 2489, [N/A], 52.65, 71, 92
2026/09/30 15:00:39.142, 2476, [N/A], 53.45, 71, 88
2026/09/30 15:00:40.142, 2489, [N/A], 53.84, 70, 92
2026/09/30 15:00:41.142, 2489, [N/A], 53.06, 71, 91
2026/09/30 15:00:42.142, 2496, [N/A], 53.36, 71, 90
2026/09/30 15:00:43.143, 2489, [N/A], 53.70, 71, 90
2026/09/30 15:00:44.143, 2489, [N/A], 53.54, 71, 91
2026/09/30 15:00:45.144, 2489, [N/A], 53.89, 71, 87
2026/09/30 15:00:46.144, 2489, [N/A], 53.73, 70, 89
2026/09/30 15:00:47.144, 2483, [N/A], 54.25, 70, 92
2026/09/30 15:00:48.145, 2489, [N/A], 53.44, 70, 89
2026/09/30 15:00:49.145, 2483, [N/A], 53.31, 69, 91
2026/09/30 15:00:50.145, 2489, [N/A], 52.74, 69, 93
2026/09/30 15:00:51.146, 2489, [N/A], 52.50, 70, 88
2026/09/30 15:00:52.146, 2489, [N/A], 53.12, 71, 91
2026/09/30 15:00:53.146, 2489, [N/A], 53.35, 70, 94
2026/09/30 15:00:54.147, 2489, [N/A], 53.33, 70, 94
2026/09/30 15:00:55.147, 2483, [N/A], 53.77, 70, 93
2026/09/30 15:00:56.147, 2489, [N/A], 53.12, 70, 90
2026/09/30 15:00:57.148, 2489, [N/A], 52.49, 70, 91
2026/09/30 15:00:58.149, 2489, [N/A], 52.88, 71, 89
2026/09/30 15:00:59.149, 2489, [N/A], 53.17, 69, 90
2026/09/30 15:01:00.150, 2489, [N/A], 52.74, 70, 88
2026/09/30 15:01:01.150, 2489, [N/A], 53.42, 70, 89
2026/09/30 15:01:02.150, 2489, [N/A], 52.74, 70, 91
2026/09/30 15:01:03.150, 2489, [N/A], 53.74, 70, 88
2026/09/30 15:01:04.151, 2489, [N/A], 53.70, 70, 91
2026/09/30 15:01:05.152, 2489, [N/A], 54.29, 70, 90
2026/09/30 15:01:06.152, 2489, [N/A], 52.39, 70, 90
2026/09/30 15:01:07.153, 2483, [N/A], 52.95, 71, 89
2026/09/30 15:01:08.153, 2489, [N/A], 52.00, 70, 89
2026/09/30 15:01:09.154, 2489, [N/A], 52.18, 68, 85
2026/09/30 15:01:10.155, 2496, [N/A], 51.79, 69, 86
2026/09/30 15:01:11.156, 2489, [N/A], 52.99, 70, 89
2026/09/30 15:01:12.157, 2489, [N/A], 54.04, 69, 87
2026/09/30 15:01:13.158, 2483, [N/A], 53.08, 70, 91
2026/09/30 15:01:14.158, 2489, [N/A], 53.04, 70, 89
2026/09/30 15:01:15.159, 2489, [N/A], 51.72, 69, 90
2026/09/30 15:01:16.160, 2483, [N/A], 51.81, 69, 87
2026/09/30 15:01:17.161, 2489, [N/A], 52.15, 69, 86
2026/09/30 15:01:18.161, 2489, [N/A], 52.33, 69, 90
2026/09/30 15:01:19.162, 2489, [N/A], 52.52, 67, 85
2026/09/30 15:01:20.163, 2483, [N/A], 52.92, 69, 90
2026/09/30 15:01:21.163, 2489, [N/A], 52.40, 69, 90
2026/09/30 15:01:22.164, 2489, [N/A], 51.70, 69, 82
2026/09/30 15:01:23.164, 2483, [N/A], 51.77, 69, 88
2026/09/30 15:01:24.165, 2489, [N/A], 52.33, 68, 90
2026/09/30 15:01:25.165, 2483, [N/A], 51.58, 69, 88
2026/09/30 15:01:26.166, 2483, [N/A], 51.94, 69, 90
2026/09/30 15:01:27.167, 2483, [N/A], 51.64, 68, 88
2026/09/30 15:01:28.168, 2489, [N/A], 50.77, 68, 87
2026/09/30 15:01:29.169, 2489, [N/A], 50.42, 69, 89
2026/09/30 15:01:30.169, 2489, [N/A], 51.21, 69, 91
2026/09/30 15:01:31.170, 2489, [N/A], 51.15, 69, 88
2026/09/30 15:01:32.171, 2489, [N/A], 51.27, 68, 84
2026/09/30 15:01:33.172, 2489, [N/A], 51.50, 67, 84
2026/09/30 15:01:34.172, 2489, [N/A], 51.03, 68, 85
2026/09/30 15:01:35.173, 2489, [N/A], 50.61, 67, 86
2026/09/30 15:01:36.174, 2489, [N/A], 50.86, 69, 81
2026/09/30 15:01:37.175, 2489, [N/A], 51.74, 67, 87
2026/09/30 15:01:38.175, 2489, [N/A], 51.01, 69, 85
2026/09/30 15:01:39.176, 2483, [N/A], 51.72, 67, 84
2026/09/30 15:01:40.176, 2489, [N/A], 52.51, 67, 87
2026/09/30 15:01:41.177, 2489, [N/A], 52.41, 69, 90
2026/09/30 15:01:42.177, 2489, [N/A], 52.60, 69, 88
2026/09/30 15:01:43.178, 2489, [N/A], 52.93, 68, 88
2026/09/30 15:01:44.178, 2489, [N/A], 52.25, 69, 90
2026/09/30 15:01:45.178, 2483, [N/A], 52.10, 68, 92
2026/09/30 15:01:46.179, 2489, [N/A], 52.20, 69, 90
2026/09/30 15:01:47.179, 2489, [N/A], 51.69, 68, 90
2026/09/30 15:01:48.180, 2489, [N/A], 50.80, 69, 90
2026/09/30 15:01:49.181, 2483, [N/A], 52.31, 68, 85
2026/09/30 15:01:50.181, 2489, [N/A], 52.00, 68, 90
2026/09/30 15:01:51.182, 2489, [N/A], 52.76, 68, 89
2026/09/30 15:01:52.182, 2489, [N/A], 53.18, 68, 91
2026/09/30 15:01:53.182, 2489, [N/A], 52.78, 68, 93
2026/09/30 15:01:54.182, 2489, [N/A], 51.83, 67, 91
2026/09/30 15:01:55.183, 2489, [N/A], 51.85, 68, 84
2026/09/30 15:01:56.183, 2489, [N/A], 53.09, 69, 89
2026/09/30 15:01:57.183, 2489, [N/A], 52.90, 69, 88
2026/09/30 15:01:58.183, 2489, [N/A], 52.69, 68, 88
2026/09/30 15:01:59.184, 2489, [N/A], 52.64, 67, 86
2026/09/30 15:02:00.184, 2489, [N/A], 52.92, 68, 88
2026/09/30 15:02:01.184, 2489, [N/A], 52.81, 68, 87
2026/09/30 15:02:02.185, 2489, [N/A], 53.44, 67, 90
2026/09/30 15:02:03.185, 2489, [N/A], 53.17, 68, 91
2026/09/30 15:02:04.185, 2489, [N/A], 52.56, 68, 91
2026/09/30 15:02:05.186, 2489, [N/A], 52.24, 67, 90
2026/09/30 15:02:06.186, 2489, [N/A], 51.64, 68, 85
2026/09/30 15:02:07.186, 2483, [N/A], 51.66, 68, 92
2026/09/30 15:02:08.187, 2489, [N/A], 52.79, 68, 89
2026/09/30 15:02:09.187, 2489, [N/A], 52.72, 69, 94
2026/09/30 15:02:10.188, 2489, [N/A], 53.10, 68, 86
2026/09/30 15:02:11.188, 2489, [N/A], 52.76, 68, 86
2026/09/30 15:02:12.188, 2489, [N/A], 51.51, 68, 87
2026/09/30 15:02:13.188, 2489, [N/A], 52.39, 68, 90
2026/09/30 15:02:14.189, 2476, [N/A], 28.13, 68, 0
2026/09/30 15:02:15.189, 2496, [N/A], 53.77, 69, 83
2026/09/30 15:02:16.189, 2496, [N/A], 56.37, 68, 88
2026/09/30 15:02:17.190, 2502, [N/A], 56.68, 69, 96
2026/09/30 15:02:18.191, 2502, [N/A], 55.09, 68, 96
2026/09/30 15:02:19.191, 2502, [N/A], 52.28, 69, 92
2026/09/30 15:02:20.192, 2496, [N/A], 52.88, 67, 89
2026/09/30 15:02:21.192, 2496, [N/A], 56.01, 69, 92
2026/09/30 15:02:22.192, 2502, [N/A], 55.91, 69, 95
2026/09/30 15:02:23.193, 2496, [N/A], 58.10, 69, 94
2026/09/30 15:02:24.193, 2496, [N/A], 54.68, 69, 92
2026/09/30 15:02:25.193, 2502, [N/A], 54.30, 69, 92
2026/09/30 15:02:26.193, 2489, [N/A], 54.39, 69, 95
2026/09/30 15:02:27.193, 2496, [N/A], 54.64, 69, 91
2026/09/30 15:02:28.194, 2496, [N/A], 54.44, 69, 91
2026/09/30 15:02:29.195, 2496, [N/A], 53.06, 69, 95
2026/09/30 15:02:30.195, 2496, [N/A], 54.53, 69, 96
2026/09/30 15:02:31.195, 2496, [N/A], 54.54, 69, 91
2026/09/30 15:02:32.195, 2496, [N/A], 54.25, 70, 91
2026/09/30 15:02:33.196, 2502, [N/A], 54.99, 69, 96
2026/09/30 15:02:34.196, 2502, [N/A], 54.49, 69, 96
2026/09/30 15:02:35.196, 2502, [N/A], 53.45, 68, 92
2026/09/30 15:02:36.196, 2502, [N/A], 55.00, 69, 93
2026/09/30 15:02:37.196, 2502, [N/A], 55.26, 70, 96
2026/09/30 15:02:38.197, 2496, [N/A], 53.01, 69, 89
2026/09/30 15:02:39.197, 2496, [N/A], 49.45, 68, 93
2026/09/30 15:02:40.197, 2489, [N/A], 51.42, 67, 91
2026/09/30 15:02:41.198, 2502, [N/A], 53.92, 69, 96
2026/09/30 15:02:42.198, 2502, [N/A], 55.42, 69, 95
2026/09/30 15:02:43.199, 2502, [N/A], 54.75, 69, 96
2026/09/30 15:02:44.199, 2496, [N/A], 54.50, 69, 96
2026/09/30 15:02:45.199, 2496, [N/A], 54.89, 70, 91
2026/09/30 15:02:46.199, 2496, [N/A], 54.65, 69, 79
2026/09/30 15:02:47.200, 2502, [N/A], 55.00, 69, 92
2026/09/30 15:02:48.201, 2496, [N/A], 53.65, 69, 92
2026/09/30 15:02:49.202, 2502, [N/A], 54.08, 69, 91
2026/09/30 15:02:50.202, 2502, [N/A], 54.44, 69, 92
2026/09/30 15:02:51.202, 2496, [N/A], 54.71, 70, 95
2026/09/30 15:02:52.202, 2496, [N/A], 55.06, 69, 96
2026/09/30 15:02:53.202, 2502, [N/A], 55.16, 69, 95
2026/09/30 15:02:54.203, 2496, [N/A], 53.90, 68, 96
2026/09/30 15:02:55.203, 2496, [N/A], 54.65, 69, 92
2026/09/30 15:02:56.203, 2496, [N/A], 56.90, 69, 96
2026/09/30 15:02:57.204, 2496, [N/A], 55.75, 70, 94
2026/09/30 15:02:58.204, 2496, [N/A], 55.70, 70, 96
2026/09/30 15:02:59.205, 2496, [N/A], 54.81, 69, 91
2026/09/30 15:03:00.205, 2489, [N/A], 54.51, 69, 95
2026/09/30 15:03:01.205, 2496, [N/A], 54.84, 69, 91
2026/09/30 15:03:02.206, 2502, [N/A], 54.67, 70, 91
2026/09/30 15:03:03.207, 2496, [N/A], 54.76, 69, 96
2026/09/30 15:03:04.208, 2496, [N/A], 50.12, 68, 89
2026/09/30 15:03:05.208, 2489, [N/A], 52.36, 69, 91
2026/09/30 15:03:06.208, 2502, [N/A], 53.67, 69, 96
2026/09/30 15:03:07.209, 2496, [N/A], 55.01, 69, 91
2026/09/30 15:03:08.210, 2496, [N/A], 54.50, 69, 93
2026/09/30 15:03:09.211, 2502, [N/A], 54.65, 69, 91
2026/09/30 15:03:10.211, 2502, [N/A], 54.88, 69, 91
2026/09/30 15:03:11.211, 2496, [N/A], 54.56, 69, 96
2026/09/30 15:03:12.212, 2496, [N/A], 53.72, 70, 96
2026/09/30 15:03:13.212, 2496, [N/A], 54.48, 69, 91
2026/09/30 15:03:14.213, 2502, [N/A], 55.34, 69, 96
2026/09/30 15:03:15.213, 2502, [N/A], 55.00, 69, 96
2026/09/30 15:03:16.213, 2496, [N/A], 55.19, 70, 89
2026/09/30 15:03:17.213, 2489, [N/A], 54.48, 68, 96
2026/09/30 15:03:18.214, 2502, [N/A], 54.81, 69, 96
2026/09/30 15:03:19.214, 2502, [N/A], 54.82, 69, 96
2026/09/30 15:03:20.214, 2496, [N/A], 54.29, 69, 92
2026/09/30 15:03:21.215, 2496, [N/A], 54.42, 69, 95
2026/09/30 15:03:22.215, 2496, [N/A], 54.97, 69, 92
2026/09/30 15:03:23.215, 2496, [N/A], 54.96, 69, 91
2026/09/30 15:03:24.216, 2496, [N/A], 54.93, 69, 96
2026/09/30 15:03:25.216, 2502, [N/A], 54.42, 69, 96
2026/09/30 15:03:26.217, 2496, [N/A], 53.37, 68, 96
2026/09/30 15:03:27.217, 2502, [N/A], 55.46, 70, 87
2026/09/30 15:03:28.218, 2502, [N/A], 54.59, 69, 96
2026/09/30 15:03:29.218, 2496, [N/A], 55.38, 69, 95
2026/09/30 15:03:30.219, 2496, [N/A], 51.22, 68, 96
2026/09/30 15:03:31.219, 2496, [N/A], 48.91, 68, 91
2026/09/30 15:03:32.220, 2496, [N/A], 53.24, 69, 95
2026/09/30 15:03:33.221, 2496, [N/A], 54.79, 69, 90
2026/09/30 15:03:34.221, 2496, [N/A], 55.06, 69, 93
2026/09/30 15:03:35.221, 2502, [N/A], 55.57, 69, 96
2026/09/30 15:03:36.222, 2496, [N/A], 55.22, 69, 96
2026/09/30 15:03:37.222, 2496, [N/A], 53.57, 70, 96
2026/09/30 15:03:38.222, 2496, [N/A], 55.44, 69, 92
2026/09/30 15:03:39.222, 2496, [N/A], 55.33, 70, 93
2026/09/30 15:03:40.222, 2502, [N/A], 55.04, 69, 96
2026/09/30 15:03:41.223, 2502, [N/A], 54.88, 69, 96
2026/09/30 15:03:42.223, 2502, [N/A], 53.84, 68, 96
2026/09/30 15:03:43.223, 2502, [N/A], 54.04, 70, 96
2026/09/30 15:03:44.224, 2502, [N/A], 55.67, 69, 92
2026/09/30 15:03:45.224, 2496, [N/A], 55.14, 70, 96
2026/09/30 15:03:46.224, 2502, [N/A], 54.92, 69, 92
2026/09/30 15:03:47.225, 2496, [N/A], 53.47, 69, 92
2026/09/30 15:03:48.225, 2496, [N/A], 55.38, 69, 92
2026/09/30 15:03:49.226, 2496, [N/A], 54.90, 69, 92
2026/09/30 15:03:50.226, 2496, [N/A], 54.73, 69, 96
2026/09/30 15:03:51.226, 2502, [N/A], 55.46, 69, 96
2026/09/30 15:03:52.227, 2496, [N/A], 54.59, 69, 90
2026/09/30 15:03:53.227, 2502, [N/A], 55.14, 69, 96
2026/09/30 15:03:54.228, 2496, [N/A], 54.89, 69, 96
2026/09/30 15:03:55.228, 2502, [N/A], 55.75, 69, 90
2026/09/30 15:03:56.229, 2496, [N/A], 49.76, 68, 91
2026/09/30 15:03:57.230, 2496, [N/A], 52.59, 69, 95
2026/09/30 15:03:58.230, 2496, [N/A], 54.73, 69, 91
2026/09/30 15:03:59.231, 2496, [N/A], 54.91, 69, 91
2026/09/30 15:04:00.231, 2496, [N/A], 54.99, 69, 90
2026/09/30 15:04:01.231, 2496, [N/A], 54.41, 69, 90
2026/09/30 15:04:02.232, 2496, [N/A], 55.17, 69, 91
2026/09/30 15:04:03.233, 2496, [N/A], 55.61, 69, 95
2026/09/30 15:04:04.234, 2496, [N/A], 54.97, 70, 93
2026/09/30 15:04:05.234, 2496, [N/A], 53.68, 69, 95
2026/09/30 15:04:06.234, 2496, [N/A], 54.83, 69, 95
2026/09/30 15:04:07.234, 2496, [N/A], 54.98, 69, 92
2026/09/30 15:04:08.234, 2496, [N/A], 54.22, 70, 91
2026/09/30 15:04:09.235, 2502, [N/A], 55.69, 70, 86
2026/09/30 15:04:10.235, 2502, [N/A], 55.67, 69, 96
2026/09/30 15:04:11.235, 2496, [N/A], 55.59, 70, 96
2026/09/30 15:04:12.237, 2496, [N/A], 55.49, 70, 92
2026/09/30 15:04:13.237, 2502, [N/A], 55.05, 70, 92
2026/09/30 15:04:14.238, 2502, [N/A], 53.15, 69, 93
2026/09/30 15:04:15.238, 2502, [N/A], 54.93, 70, 96
2026/09/30 15:04:16.238, 2496, [N/A], 55.21, 69, 96
2026/09/30 15:04:17.239, 2502, [N/A], 54.97, 70, 96
2026/09/30 15:04:18.239, 2502, [N/A], 53.46, 70, 90
2026/09/30 15:04:19.239, 2502, [N/A], 54.35, 70, 91
2026/09/30 15:04:20.239, 2502, [N/A], 54.99, 70, 96
2026/09/30 15:04:21.240, 2496, [N/A], 52.08, 68, 95
2026/09/30 15:04:22.241, 2489, [N/A], 49.10, 68, 93
2026/09/30 15:04:23.241, 2496, [N/A], 52.81, 69, 92
2026/09/30 15:04:24.241, 2496, [N/A], 55.17, 69, 92
2026/09/30 15:04:25.241, 2496, [N/A], 55.01, 69, 92
2026/09/30 15:04:26.241, 2502, [N/A], 54.90, 69, 92
2026/09/30 15:04:27.242, 2496, [N/A], 56.64, 70, 96
2026/09/30 15:04:28.243, 2496, [N/A], 55.78, 69, 91
2026/09/30 15:04:29.244, 2496, [N/A], 56.46, 70, 96
2026/09/30 15:04:30.244, 2496, [N/A], 57.63, 70, 95
2026/09/30 15:04:31.244, 2496, [N/A], 55.69, 70, 95
2026/09/30 15:04:32.244, 2496, [N/A], 59.00, 70, 89
2026/09/30 15:04:33.245, 2496, [N/A], 58.61, 70, 90
2026/09/30 15:04:34.245, 2496, [N/A], 52.28, 69, 95
2026/09/30 15:04:35.246, 2496, [N/A], 58.18, 71, 91
2026/09/30 15:04:36.246, 2496, [N/A], 58.85, 70, 90
2026/09/30 15:04:37.247, 2496, [N/A], 58.39, 70, 96
2026/09/30 15:04:38.248, 2496, [N/A], 56.89, 71, 91
2026/09/30 15:04:39.248, 2496, [N/A], 56.97, 70, 94
2026/09/30 15:04:40.248, 2489, [N/A], 55.64, 70, 95
2026/09/30 15:04:41.248, 2496, [N/A], 56.19, 70, 92
2026/09/30 15:04:42.249, 2496, [N/A], 59.12, 70, 95
2026/09/30 15:04:43.249, 2476, [N/A], 56.81, 70, 96
2026/09/30 15:04:44.250, 2496, [N/A], 58.10, 70, 94
2026/09/30 15:04:45.251, 2496, [N/A], 58.75, 70, 96
2026/09/30 15:04:46.251, 2496, [N/A], 55.82, 69, 91
2026/09/30 15:04:47.251, 2496, [N/A], 50.46, 68, 90
2026/09/30 15:04:48.252, 2496, [N/A], 51.72, 69, 91
2026/09/30 15:04:49.253, 2502, [N/A], 54.11, 70, 94
2026/09/30 15:04:50.253, 2496, [N/A], 54.60, 70, 91
2026/09/30 15:04:51.253, 2496, [N/A], 54.90, 69, 94
2026/09/30 15:04:52.253, 2496, [N/A], 54.80, 69, 90
2026/09/30 15:04:53.254, 2502, [N/A], 55.13, 70, 92
2026/09/30 15:04:54.255, 2496, [N/A], 55.38, 70, 90
2026/09/30 15:04:55.255, 2496, [N/A], 55.10, 70, 95
2026/09/30 15:04:56.255, 2502, [N/A], 54.89, 69, 96
2026/09/30 15:04:57.255, 2496, [N/A], 55.57, 70, 96
2026/09/30 15:04:58.255, 2496, [N/A], 55.58, 69, 93
2026/09/30 15:04:59.256, 2502, [N/A], 54.12, 69, 92
2026/09/30 15:05:00.257, 2502, [N/A], 54.07, 69, 94
2026/09/30 15:05:01.257, 2502, [N/A], 54.98, 69, 96
2026/09/30 15:05:02.257, 2496, [N/A], 55.64, 70, 96
2026/09/30 15:05:03.258, 2496, [N/A], 55.20, 69, 96
2026/09/30 15:05:04.259, 2496, [N/A], 54.71, 69, 96
2026/09/30 15:05:05.259, 2496, [N/A], 55.43, 70, 93
2026/09/30 15:05:06.259, 2502, [N/A], 54.66, 70, 80
2026/09/30 15:05:07.260, 2496, [N/A], 55.38, 69, 91
2026/09/30 15:05:08.261, 2502, [N/A], 53.74, 70, 96
2026/09/30 15:05:09.261, 2502, [N/A], 55.28, 69, 96
2026/09/30 15:05:10.262, 2496, [N/A], 54.98, 69, 92
2026/09/30 15:05:11.262, 2496, [N/A], 55.52, 69, 96
2026/09/30 15:05:12.262, 2496, [N/A], 53.18, 68, 94
2026/09/30 15:05:13.263, 2496, [N/A], 50.99, 69, 93
2026/09/30 15:05:14.263, 2496, [N/A], 54.58, 70, 95
2026/09/30 15:05:15.264, 2496, [N/A], 58.15, 70, 91
2026/09/30 15:05:16.264, 2496, [N/A], 57.99, 70, 90
2026/09/30 15:05:17.265, 2502, [N/A], 57.94, 70, 96
2026/09/30 15:05:18.265, 2502, [N/A], 57.97, 70, 96
2026/09/30 15:05:19.266, 2496, [N/A], 58.09, 70, 96
2026/09/30 15:05:20.267, 2489, [N/A], 55.85, 70, 92
2026/09/30 15:05:21.267, 2496, [N/A], 55.96, 70, 92
2026/09/30 15:05:22.267, 2502, [N/A], 55.64, 70, 93
2026/09/30 15:05:23.268, 2496, [N/A], 57.37, 70, 91
2026/09/30 15:05:24.269, 2496, [N/A], 58.09, 70, 96
2026/09/30 15:05:25.269, 2496, [N/A], 58.22, 70, 96
2026/09/30 15:05:26.269, 2502, [N/A], 59.08, 71, 92
2026/09/30 15:05:27.270, 2496, [N/A], 56.14, 69, 82
2026/09/30 15:05:28.270, 2502, [N/A], 55.09, 70, 92
2026/09/30 15:05:29.271, 2496, [N/A], 54.86, 69, 95
2026/09/30 15:05:30.271, 2502, [N/A], 54.72, 70, 93
2026/09/30 15:05:31.272, 2502, [N/A], 55.44, 69, 96
2026/09/30 15:05:32.272, 2496, [N/A], 55.35, 69, 94
2026/09/30 15:05:33.272, 2502, [N/A], 55.41, 69, 93
2026/09/30 15:05:34.272, 2502, [N/A], 53.22, 69, 96
2026/09/30 15:05:35.273, 2496, [N/A], 53.54, 70, 93
2026/09/30 15:05:36.273, 2496, [N/A], 52.16, 67, 92
2026/09/30 15:05:37.274, 2489, [N/A], 52.97, 68, 92
2026/09/30 15:05:38.274, 2502, [N/A], 55.74, 69, 96
2026/09/30 15:05:39.275, 2502, [N/A], 54.46, 69, 96
2026/09/30 15:05:40.275, 2502, [N/A], 55.25, 70, 94
2026/09/30 15:05:41.276, 2489, [N/A], 63.56, 71, 91
2026/09/30 15:05:42.276, 2476, [N/A], 64.10, 70, 90
2026/09/30 15:05:43.277, 2483, [N/A], 60.20, 71, 85
2026/09/30 15:05:44.277, 2483, [N/A], 57.96, 70, 95
2026/09/30 15:05:45.277, 2496, [N/A], 57.62, 69, 96
2026/09/30 15:05:46.278, 2476, [N/A], 64.28, 72, 90
2026/09/30 15:05:47.278, 2496, [N/A], 62.07, 71, 95
2026/09/30 15:05:48.279, 2476, [N/A], 64.43, 72, 96
2026/09/30 15:05:49.279, 2483, [N/A], 62.03, 69, 96
2026/09/30 15:05:50.280, 2483, [N/A], 61.72, 72, 96
2026/09/30 15:05:51.280, 2476, [N/A], 62.47, 70, 94
2026/09/30 15:05:52.281, 2476, [N/A], 58.55, 72, 91
2026/09/30 15:05:53.281, 2489, [N/A], 58.89, 69, 93
2026/09/30 15:05:54.282, 2483, [N/A], 60.14, 72, 95
2026/09/30 15:05:55.282, 2476, [N/A], 62.47, 72, 96
2026/09/30 15:05:56.283, 2476, [N/A], 64.37, 72, 96
2026/09/30 15:05:57.283, 2502, [N/A], 53.01, 70, 92
2026/09/30 15:05:58.283, 2502, [N/A], 52.17, 69, 93
2026/09/30 15:05:59.284, 2496, [N/A], 54.12, 70, 92
2026/09/30 15:06:00.285, 2496, [N/A], 53.01, 70, 89
2026/09/30 15:06:01.285, 2496, [N/A], 54.37, 70, 92
2026/09/30 15:06:02.286, 2476, [N/A], 64.61, 72, 93
2026/09/30 15:06:03.287, 2476, [N/A], 64.49, 73, 90
2026/09/30 15:06:04.288, 2476, [N/A], 64.87, 72, 95
2026/09/30 15:06:05.288, 2476, [N/A], 64.57, 72, 96
2026/09/30 15:06:06.288, 2496, [N/A], 58.61, 70, 96
2026/09/30 15:06:07.289, 2483, [N/A], 60.72, 71, 94
2026/09/30 15:06:08.289, 2476, [N/A], 57.55, 72, 96
2026/09/30 15:06:09.290, 2476, [N/A], 61.12, 71, 90
2026/09/30 15:06:10.290, 2476, [N/A], 64.05, 72, 96
2026/09/30 15:06:11.290, 2483, [N/A], 62.92, 73, 82
2026/09/30 15:06:12.291, 2476, [N/A], 64.48, 72, 92
2026/09/30 15:06:13.291, 2476, [N/A], 58.19, 72, 90
2026/09/30 15:06:14.291, 2476, [N/A], 61.67, 71, 96
2026/09/30 15:06:15.291, 2476, [N/A], 62.05, 72, 96
2026/09/30 15:06:16.292, 2483, [N/A], 62.68, 71, 95
2026/09/30 15:06:17.292, 2476, [N/A], 60.56, 72, 84
2026/09/30 15:06:18.292, 2502, [N/A], 59.47, 72, 95
2026/09/30 15:06:19.292, 2476, [N/A], 64.60, 73, 96
2026/09/30 15:06:20.293, 2502, [N/A], 52.61, 70, 95
2026/09/30 15:06:21.294, 2502, [N/A], 52.31, 70, 92
2026/09/30 15:06:22.295, 2489, [N/A], 54.55, 71, 95
2026/09/30 15:06:23.295, 2489, [N/A], 51.40, 70, 93
2026/09/30 15:06:24.295, 2496, [N/A], 53.49, 70, 94
2026/09/30 15:06:25.296, 2476, [N/A], 64.73, 72, 96
2026/09/30 15:06:26.296, 2476, [N/A], 63.03, 72, 95
2026/09/30 15:06:27.296, 2476, [N/A], 64.73, 72, 91
2026/09/30 15:06:28.297, 2476, [N/A], 64.54, 72, 96
2026/09/30 15:06:29.297, 2476, [N/A], 64.98, 72, 96
2026/09/30 15:06:30.298, 2502, [N/A], 55.28, 71, 87
2026/09/30 15:06:31.298, 2496, [N/A], 55.73, 71, 96
2026/09/30 15:06:32.299, 2502, [N/A], 55.89, 70, 90
2026/09/30 15:06:33.299, 2496, [N/A], 54.38, 70, 94
2026/09/30 15:06:34.300, 2496, [N/A], 56.14, 70, 96
2026/09/30 15:06:35.300, 2496, [N/A], 55.70, 71, 92
2026/09/30 15:06:36.301, 2502, [N/A], 55.29, 70, 96
2026/09/30 15:06:37.301, 2502, [N/A], 56.17, 70, 93
2026/09/30 15:06:38.302, 2502, [N/A], 53.86, 69, 96
2026/09/30 15:06:39.302, 2496, [N/A], 54.61, 69, 95
2026/09/30 15:06:40.303, 2502, [N/A], 54.58, 70, 93
2026/09/30 15:06:41.303, 2496, [N/A], 56.55, 71, 95
2026/09/30 15:06:42.304, 2496, [N/A], 55.85, 70, 96
2026/09/30 15:06:43.305, 2502, [N/A], 55.69, 70, 93
2026/09/30 15:06:44.305, 2502, [N/A], 53.28, 70, 96
2026/09/30 15:06:45.305, 2502, [N/A], 52.43, 69, 94
2026/09/30 15:06:46.306, 2496, [N/A], 51.60, 69, 96
2026/09/30 15:06:47.306, 2489, [N/A], 52.65, 70, 92
2026/09/30 15:06:48.307, 2502, [N/A], 53.91, 70, 86
2026/09/30 15:06:49.308, 2502, [N/A], 55.77, 71, 92
2026/09/30 15:06:50.309, 2502, [N/A], 56.19, 70, 96
2026/09/30 15:06:51.309, 2502, [N/A], 55.69, 70, 94
2026/09/30 15:06:52.309, 2502, [N/A], 55.28, 70, 96
2026/09/30 15:06:53.309, 2502, [N/A], 55.72, 70, 93
2026/09/30 15:06:54.310, 2496, [N/A], 54.17, 70, 93
2026/09/30 15:06:55.310, 2489, [N/A], 55.11, 70, 95
2026/09/30 15:06:56.312, 2496, [N/A], 56.11, 70, 92
2026/09/30 15:06:57.313, 2502, [N/A], 55.66, 70, 91
2026/09/30 15:06:58.314, 2502, [N/A], 54.92, 70, 94
2026/09/30 15:06:59.314, 2496, [N/A], 57.43, 70, 96
2026/09/30 15:07:00.315, 2496, [N/A], 57.27, 69, 92
2026/09/30 15:07:01.316, 2496, [N/A], 56.12, 71, 95
2026/09/30 15:07:02.316, 2496, [N/A], 56.62, 70, 96
2026/09/30 15:07:03.317, 2496, [N/A], 53.79, 70, 94
2026/09/30 15:07:04.318, 2496, [N/A], 56.26, 70, 95
2026/09/30 15:07:05.319, 2496, [N/A], 58.57, 70, 93
2026/09/30 15:07:06.319, 2496, [N/A], 57.96, 70, 92
2026/09/30 15:07:07.320, 2502, [N/A], 57.21, 69, 93
2026/09/30 15:07:08.321, 2502, [N/A], 55.70, 69, 90
2026/09/30 15:07:09.322, 2496, [N/A], 53.47, 70, 95
2026/09/30 15:07:10.323, 2496, [N/A], 52.05, 69, 93
2026/09/30 15:07:11.324, 2502, [N/A], 54.01, 70, 88
2026/09/30 15:07:12.325, 2502, [N/A], 60.02, 70, 95
2026/09/30 15:07:13.325, 2502, [N/A], 58.23, 70, 93
2026/09/30 15:07:14.326, 2476, [N/A], 60.20, 72, 96
2026/09/30 15:07:15.327, 2476, [N/A], 64.13, 72, 96
2026/09/30 15:07:16.327, 2476, [N/A], 63.79, 72, 96
2026/09/30 15:07:17.327, 2496, [N/A], 55.70, 70, 95
2026/09/30 15:07:18.328, 2496, [N/A], 55.04, 70, 96
2026/09/30 15:07:19.329, 2476, [N/A], 61.44, 72, 84
2026/09/30 15:07:20.330, 2476, [N/A], 62.59, 73, 90
2026/09/30 15:07:21.333, 2476, [N/A], 64.62, 72, 93
2026/09/30 15:07:22.334, 2476, [N/A], 63.33, 73, 91
2026/09/30 15:07:23.334, 2476, [N/A], 60.93, 71, 96
2026/09/30 15:07:24.335, 2483, [N/A], 63.12, 72, 91
2026/09/30 15:07:25.336, 2476, [N/A], 62.89, 72, 96
2026/09/30 15:07:26.336, 2483, [N/A], 58.17, 72, 92
2026/09/30 15:07:27.336, 2476, [N/A], 59.20, 72, 90
2026/09/30 15:07:28.337, 2483, [N/A], 62.01, 72, 96
2026/09/30 15:07:29.337, 2483, [N/A], 62.48, 70, 91
2026/09/30 15:07:30.337, 2502, [N/A], 52.28, 70, 93
2026/09/30 15:07:31.338, 2502, [N/A], 52.57, 70, 93
2026/09/30 15:07:32.338, 2502, [N/A], 51.99, 70, 91
2026/09/30 15:07:33.339, 2483, [N/A], 52.16, 69, 92
2026/09/30 15:07:34.339, 2496, [N/A], 52.92, 70, 85
2026/09/30 15:07:35.340, 2476, [N/A], 61.56, 72, 96
2026/09/30 15:07:36.340, 2476, [N/A], 64.34, 72, 89
2026/09/30 15:07:37.341, 2476, [N/A], 64.37, 72, 89
2026/09/30 15:07:38.341, 2476, [N/A], 64.17, 72, 96
2026/09/30 15:07:39.341, 2476, [N/A], 62.95, 73, 91
2026/09/30 15:07:40.341, 2496, [N/A], 57.82, 70, 94
2026/09/30 15:07:41.342, 2483, [N/A], 61.24, 71, 96
2026/09/30 15:07:42.343, 2489, [N/A], 57.32, 72, 95
2026/09/30 15:07:43.344, 2476, [N/A], 62.96, 72, 94
2026/09/30 15:07:44.345, 2476, [N/A], 62.94, 72, 95
2026/09/30 15:07:45.345, 2476, [N/A], 64.70, 73, 91
2026/09/30 15:07:46.346, 2476, [N/A], 64.11, 73, 89
2026/09/30 15:07:47.347, 2483, [N/A], 58.10, 72, 95
2026/09/30 15:07:48.347, 2476, [N/A], 62.13, 73, 95
2026/09/30 15:07:49.347, 2476, [N/A], 61.94, 72, 96
2026/09/30 15:07:50.347, 2476, [N/A], 58.88, 71, 89
2026/09/30 15:07:51.348, 2470, [N/A], 60.43, 72, 96
2026/09/30 15:07:52.348, 2476, [N/A], 63.44, 73, 91
2026/09/30 15:07:53.349, 2476, [N/A], 62.90, 71, 91
2026/09/30 15:07:54.349, 2502, [N/A], 55.47, 70, 93
2026/09/30 15:07:55.350, 2496, [N/A], 52.42, 70, 95
2026/09/30 15:07:56.350, 2496, [N/A], 53.21, 70, 92
2026/09/30 15:07:57.351, 2411, [N/A], 26.32, 63, 0
2026/09/30 15:07:58.351, 2476, [N/A], 30.78, 73, 0
2026/09/30 15:07:59.352, 2470, [N/A], 69.98, 73, 96
2026/09/30 15:08:00.353, 2470, [N/A], 72.58, 73, 96
2026/09/30 15:08:01.354, 2470, [N/A], 71.18, 74, 96
2026/09/30 15:08:02.355, 2470, [N/A], 69.96, 74, 96
2026/09/30 15:08:03.356, 2470, [N/A], 72.42, 74, 96
2026/09/30 15:08:04.356, 2470, [N/A], 72.79, 75, 96
2026/09/30 15:08:05.357, 2470, [N/A], 71.93, 75, 96
2026/09/30 15:08:06.357, 2470, [N/A], 70.87, 74, 96
2026/09/30 15:08:07.357, 2476, [N/A], 67.58, 75, 96
2026/09/30 15:08:08.358, 2476, [N/A], 61.71, 71, 95
2026/09/30 15:08:09.358, 2489, [N/A], 47.92, 70, 79
2026/09/30 15:08:10.358, 2489, [N/A], 47.14, 69, 86
2026/09/30 15:08:11.359, 2483, [N/A], 46.88, 70, 69
2026/09/30 15:08:12.359, 2489, [N/A], 47.80, 70, 76
2026/09/30 15:08:13.360, 2483, [N/A], 48.74, 70, 76
2026/09/30 15:08:14.361, 2496, [N/A], 48.60, 69, 77
2026/09/30 15:08:15.361, 2489, [N/A], 50.30, 70, 68
2026/09/30 15:08:16.362, 2489, [N/A], 49.74, 69, 79
2026/09/30 15:08:17.362, 2489, [N/A], 49.16, 69, 96
2026/09/30 15:08:18.362, 2496, [N/A], 45.01, 67, 77
2026/09/30 15:08:19.363, 2496, [N/A], 48.33, 69, 65
2026/09/30 15:08:20.363, 2496, [N/A], 26.71, 68, 0
2026/09/30 15:08:21.363, 2489, [N/A], 51.75, 68, 89
2026/09/30 15:08:22.363, 2483, [N/A], 54.29, 70, 85
2026/09/30 15:08:23.364, 2489, [N/A], 52.29, 69, 91
2026/09/30 15:08:24.365, 2483, [N/A], 54.36, 69, 89
2026/09/30 15:08:25.365, 2483, [N/A], 52.54, 68, 89
2026/09/30 15:08:26.366, 2489, [N/A], 52.31, 69, 91
2026/09/30 15:08:27.367, 2489, [N/A], 52.77, 68, 91
2026/09/30 15:08:28.368, 2489, [N/A], 52.56, 69, 92
2026/09/30 15:08:29.368, 2489, [N/A], 52.77, 68, 92
2026/09/30 15:08:30.369, 2489, [N/A], 52.43, 68, 89
2026/09/30 15:08:31.369, 2489, [N/A], 52.85, 69, 90
2026/09/30 15:08:32.369, 2489, [N/A], 51.78, 68, 91
2026/09/30 15:08:33.370, 2489, [N/A], 52.32, 68, 89
2026/09/30 15:08:34.371, 2483, [N/A], 54.30, 69, 86
2026/09/30 15:08:35.371, 2483, [N/A], 53.99, 68, 89
2026/09/30 15:08:36.371, 2483, [N/A], 53.18, 70, 89
2026/09/30 15:08:37.372, 2489, [N/A], 52.04, 69, 89
2026/09/30 15:08:38.373, 2489, [N/A], 51.12, 68, 88
2026/09/30 15:08:39.374, 2483, [N/A], 53.49, 68, 91
2026/09/30 15:08:40.375, 2489, [N/A], 52.81, 68, 91
2026/09/30 15:08:41.376, 2489, [N/A], 52.46, 67, 91
2026/09/30 15:08:42.376, 2489, [N/A], 52.40, 68, 86
2026/09/30 15:08:43.377, 2489, [N/A], 53.02, 68, 90
2026/09/30 15:08:44.378, 2489, [N/A], 52.39, 68, 90
2026/09/30 15:08:45.378, 2489, [N/A], 52.49, 68, 90
2026/09/30 15:08:46.379, 2489, [N/A], 52.64, 69, 94
2026/09/30 15:08:47.379, 2489, [N/A], 52.29, 69, 88
2026/09/30 15:08:48.380, 2489, [N/A], 52.86, 69, 88
2026/09/30 15:08:49.380, 2489, [N/A], 52.55, 68, 88
2026/09/30 15:08:50.381, 2489, [N/A], 52.63, 69, 94
2026/09/30 15:08:51.382, 2489, [N/A], 52.63, 68, 87
2026/09/30 15:08:52.383, 2489, [N/A], 52.95, 68, 94
2026/09/30 15:08:53.384, 2489, [N/A], 52.48, 67, 89
2026/09/30 15:08:54.385, 2489, [N/A], 52.90, 69, 93
2026/09/30 15:08:55.386, 2489, [N/A], 52.45, 68, 88
2026/09/30 15:08:56.387, 2489, [N/A], 52.65, 68, 94
2026/09/30 15:08:57.388, 2489, [N/A], 52.73, 67, 87
2026/09/30 15:08:58.388, 2489, [N/A], 52.89, 68, 88
2026/09/30 15:08:59.389, 2489, [N/A], 52.53, 67, 89
2026/09/30 15:09:00.389, 2489, [N/A], 52.27, 68, 92
2026/09/30 15:09:01.390, 2489, [N/A], 51.73, 68, 90
2026/09/30 15:09:02.391, 2489, [N/A], 52.14, 68, 89
2026/09/30 15:09:03.391, 2489, [N/A], 52.56, 68, 95
2026/09/30 15:09:04.392, 2489, [N/A], 52.85, 69, 92
2026/09/30 15:09:05.393, 2489, [N/A], 52.38, 68, 89
2026/09/30 15:09:06.394, 2483, [N/A], 52.65, 68, 90
2026/09/30 15:09:07.395, 2496, [N/A], 54.74, 67, 89
2026/09/30 15:09:08.395, 2483, [N/A], 51.82, 67, 93
2026/09/30 15:09:09.395, 2496, [N/A], 52.93, 67, 88
2026/09/30 15:09:10.395, 2489, [N/A], 51.84, 68, 91
2026/09/30 15:09:11.396, 2489, [N/A], 51.52, 68, 92
2026/09/30 15:09:12.396, 2489, [N/A], 52.24, 69, 93
2026/09/30 15:09:13.397, 2483, [N/A], 52.01, 69, 87
2026/09/30 15:09:14.398, 2483, [N/A], 51.17, 67, 88
2026/09/30 15:09:15.399, 2483, [N/A], 51.25, 68, 90
2026/09/30 15:09:16.400, 2489, [N/A], 51.48, 67, 89
2026/09/30 15:09:17.401, 2483, [N/A], 52.27, 68, 86
2026/09/30 15:09:18.402, 2483, [N/A], 51.31, 68, 91
2026/09/30 15:09:19.402, 2483, [N/A], 51.26, 68, 87
2026/09/30 15:09:20.403, 2483, [N/A], 50.79, 68, 89
2026/09/30 15:09:21.404, 2489, [N/A], 50.55, 67, 93
2026/09/30 15:09:22.405, 2483, [N/A], 51.44, 68, 81
2026/09/30 15:09:23.406, 2489, [N/A], 51.09, 68, 87
2026/09/30 15:09:24.407, 2489, [N/A], 50.25, 67, 79
2026/09/30 15:09:25.407, 2483, [N/A], 50.70, 67, 82
2026/09/30 15:09:26.408, 2489, [N/A], 50.35, 67, 86
2026/09/30 15:09:27.409, 2489, [N/A], 50.43, 68, 86
2026/09/30 15:09:28.409, 2496, [N/A], 51.83, 67, 91
2026/09/30 15:09:29.411, 2489, [N/A], 50.55, 68, 89
2026/09/30 15:09:30.411, 2489, [N/A], 51.32, 66, 89
2026/09/30 15:09:31.412, 2489, [N/A], 51.54, 68, 86
2026/09/30 15:09:32.413, 2483, [N/A], 50.99, 68, 89
2026/09/30 15:09:33.414, 2489, [N/A], 50.92, 67, 88
2026/09/30 15:09:34.415, 2483, [N/A], 52.28, 68, 84
2026/09/30 15:09:35.415, 2489, [N/A], 52.17, 66, 93
2026/09/30 15:09:36.415, 2483, [N/A], 51.43, 67, 90
2026/09/30 15:09:37.415, 2496, [N/A], 51.56, 67, 89
2026/09/30 15:09:38.416, 2483, [N/A], 51.44, 67, 87
2026/09/30 15:09:39.417, 2496, [N/A], 51.39, 66, 89
2026/09/30 15:09:40.418, 2489, [N/A], 51.17, 67, 90
2026/09/30 15:09:41.419, 2496, [N/A], 51.38, 66, 90
2026/09/30 15:09:42.419, 2489, [N/A], 51.04, 67, 95
2026/09/30 15:09:43.420, 2483, [N/A], 52.68, 67, 89
2026/09/30 15:09:44.421, 2489, [N/A], 53.39, 67, 92
2026/09/30 15:09:45.421, 2483, [N/A], 53.32, 68, 92
2026/09/30 15:09:46.421, 2489, [N/A], 52.07, 66, 93
2026/09/30 15:09:47.421, 2489, [N/A], 53.02, 68, 91
2026/09/30 15:09:48.422, 2489, [N/A], 52.44, 67, 84
2026/09/30 15:09:49.422, 2489, [N/A], 52.01, 67, 90
2026/09/30 15:09:50.422, 2489, [N/A], 52.69, 68, 91
2026/09/30 15:09:51.422, 2450, [N/A], 26.55, 65, 0
2026/09/30 15:09:52.423, 2502, [N/A], 56.50, 67, 88
2026/09/30 15:09:53.423, 2502, [N/A], 52.42, 67, 93
2026/09/30 15:09:54.423, 2502, [N/A], 52.57, 67, 93
2026/09/30 15:09:55.424, 2502, [N/A], 52.79, 67, 93
2026/09/30 15:09:56.424, 2476, [N/A], 55.29, 68, 94
2026/09/30 15:09:57.425, 2502, [N/A], 53.70, 68, 91
2026/09/30 15:09:58.426, 2502, [N/A], 52.47, 67, 93
2026/09/30 15:09:59.426, 2502, [N/A], 52.69, 67, 93
2026/09/30 15:10:00.427, 2502, [N/A], 52.28, 69, 93
2026/09/30 15:10:01.427, 2483, [N/A], 56.84, 68, 93
2026/09/30 15:10:02.428, 2502, [N/A], 53.45, 67, 93
2026/09/30 15:10:03.428, 2502, [N/A], 53.02, 68, 93
2026/09/30 15:10:04.428, 2502, [N/A], 52.44, 68, 93
2026/09/30 15:10:05.428, 2496, [N/A], 52.90, 67, 93
2026/09/30 15:10:06.428, 2502, [N/A], 56.95, 67, 79
2026/09/30 15:10:07.429, 2502, [N/A], 52.65, 67, 91
2026/09/30 15:10:08.430, 2502, [N/A], 52.70, 67, 93
2026/09/30 15:10:09.430, 2496, [N/A], 52.74, 68, 92
2026/09/30 15:10:10.431, 2483, [N/A], 56.99, 69, 93
2026/09/30 15:10:11.431, 2496, [N/A], 52.25, 67, 93
2026/09/30 15:10:12.433, 2502, [N/A], 52.85, 67, 93
2026/09/30 15:10:13.434, 2502, [N/A], 52.58, 67, 93
2026/09/30 15:10:14.434, 2496, [N/A], 51.74, 67, 92
2026/09/30 15:10:15.435, 2502, [N/A], 57.09, 67, 91
2026/09/30 15:10:16.436, 2502, [N/A], 52.44, 67, 92
2026/09/30 15:10:17.437, 2502, [N/A], 54.17, 68, 93
2026/09/30 15:10:18.438, 2496, [N/A], 55.81, 68, 91
2026/09/30 15:10:19.439, 2470, [N/A], 56.38, 67, 91
2026/09/30 15:10:20.440, 2496, [N/A], 56.71, 68, 91
2026/09/30 15:10:21.441, 2496, [N/A], 56.37, 68, 92
2026/09/30 15:10:22.442, 2496, [N/A], 56.03, 68, 92
2026/09/30 15:10:23.442, 2463, [N/A], 57.91, 66, 94
2026/09/30 15:10:24.443, 2496, [N/A], 56.02, 68, 92
2026/09/30 15:10:25.443, 2496, [N/A], 56.30, 68, 91
2026/09/30 15:10:26.444, 2496, [N/A], 56.34, 68, 91
2026/09/30 15:10:27.445, 2496, [N/A], 57.33, 68, 96
2026/09/30 15:10:28.446, 2496, [N/A], 56.24, 68, 91
2026/09/30 15:10:29.447, 2496, [N/A], 56.10, 67, 91
2026/09/30 15:10:30.448, 2496, [N/A], 56.11, 68, 91
2026/09/30 15:10:31.449, 2483, [N/A], 56.28, 69, 86
2026/09/30 15:10:32.450, 2502, [N/A], 56.16, 69, 91
2026/09/30 15:10:33.451, 2502, [N/A], 55.54, 68, 91
2026/09/30 15:10:34.452, 2502, [N/A], 55.86, 69, 91
2026/09/30 15:10:35.453, 2483, [N/A], 55.85, 68, 91
2026/09/30 15:10:36.454, 2496, [N/A], 56.55, 68, 91
2026/09/30 15:10:37.454, 2502, [N/A], 56.21, 68, 92
2026/09/30 15:10:38.455, 2502, [N/A], 55.88, 69, 91
2026/09/30 15:10:39.456, 2496, [N/A], 56.90, 69, 91
2026/09/30 15:10:40.456, 2502, [N/A], 58.40, 69, 91
2026/09/30 15:10:41.457, 2502, [N/A], 55.74, 68, 92
2026/09/30 15:10:42.458, 2502, [N/A], 56.35, 69, 91
2026/09/30 15:10:43.458, 2502, [N/A], 53.32, 68, 93
2026/09/30 15:10:44.459, 2483, [N/A], 56.90, 68, 87
2026/09/30 15:10:45.459, 2496, [N/A], 56.45, 69, 93
2026/09/30 15:10:46.460, 2496, [N/A], 56.33, 68, 92
2026/09/30 15:10:47.461, 2502, [N/A], 56.51, 69, 92
2026/09/30 15:10:48.461, 2496, [N/A], 59.59, 68, 95
2026/09/30 15:10:49.462, 2496, [N/A], 56.02, 68, 92
2026/09/30 15:10:50.463, 2496, [N/A], 56.54, 69, 92
2026/09/30 15:10:51.464, 2502, [N/A], 55.63, 67, 92
2026/09/30 15:10:52.464, 2489, [N/A], 59.14, 68, 92
2026/09/30 15:10:53.464, 2502, [N/A], 57.10, 69, 92
2026/09/30 15:10:54.465, 2496, [N/A], 56.38, 68, 92
2026/09/30 15:10:55.465, 2418, [N/A], 44.07, 61, 92
2026/09/30 15:10:56.465, 2483, [N/A], 23.00, 67, 0
2026/09/30 15:10:57.465, 2489, [N/A], 52.58, 66, 90
2026/09/30 15:10:58.466, 2496, [N/A], 52.03, 68, 88
2026/09/30 15:10:59.467, 2489, [N/A], 52.14, 68, 89
2026/09/30 15:11:00.467, 2496, [N/A], 52.42, 67, 88
2026/09/30 15:11:01.468, 2489, [N/A], 52.78, 68, 92
2026/09/30 15:11:02.469, 2496, [N/A], 52.49, 68, 86
2026/09/30 15:11:03.469, 2489, [N/A], 51.77, 67, 91
2026/09/30 15:11:04.469, 2489, [N/A], 52.04, 67, 88
2026/09/30 15:11:05.469, 2489, [N/A], 51.86, 67, 87
2026/09/30 15:11:06.470, 2489, [N/A], 50.33, 67, 89
2026/09/30 15:11:07.470, 2489, [N/A], 51.29, 66, 93
2026/09/30 15:11:08.471, 2489, [N/A], 51.58, 67, 85
2026/09/30 15:11:09.472, 2489, [N/A], 51.68, 66, 90
2026/09/30 15:11:10.473, 2489, [N/A], 51.42, 67, 85
2026/09/30 15:11:11.473, 2496, [N/A], 51.04, 67, 88
2026/09/30 15:11:12.474, 2489, [N/A], 51.54, 67, 89
2026/09/30 15:11:13.474, 2496, [N/A], 50.73, 67, 89
2026/09/30 15:11:14.475, 2489, [N/A], 51.05, 66, 86
2026/09/30 15:11:15.476, 2489, [N/A], 50.82, 67, 83
2026/09/30 15:11:16.476, 2489, [N/A], 50.75, 66, 81
2026/09/30 15:11:17.477, 2489, [N/A], 50.56, 66, 81
2026/09/30 15:11:18.478, 2489, [N/A], 51.06, 67, 84
2026/09/30 15:11:19.479, 2483, [N/A], 50.87, 67, 87
2026/09/30 15:11:20.480, 2483, [N/A], 51.11, 67, 87
2026/09/30 15:11:21.481, 2483, [N/A], 50.63, 66, 87
2026/09/30 15:11:22.481, 2483, [N/A], 50.89, 68, 86
2026/09/30 15:11:23.482, 2483, [N/A], 51.19, 68, 86
2026/09/30 15:11:24.483, 2489, [N/A], 50.53, 67, 88
2026/09/30 15:11:25.483, 2489, [N/A], 51.11, 67, 90
2026/09/30 15:11:26.484, 2496, [N/A], 50.65, 66, 88
2026/09/30 15:11:27.484, 2489, [N/A], 51.26, 67, 90
2026/09/30 15:11:28.485, 2489, [N/A], 51.01, 67, 89
2026/09/30 15:11:29.486, 2489, [N/A], 50.98, 66, 85
2026/09/30 15:11:30.487, 2489, [N/A], 50.79, 65, 84
2026/09/30 15:11:31.488, 2489, [N/A], 50.95, 66, 82
2026/09/30 15:11:32.489, 2489, [N/A], 50.58, 65, 84
2026/09/30 15:11:33.490, 2483, [N/A], 50.65, 65, 90
2026/09/30 15:11:34.490, 2489, [N/A], 51.34, 67, 89
2026/09/30 15:11:35.491, 2483, [N/A], 50.84, 66, 92
2026/09/30 15:11:36.492, 2489, [N/A], 50.72, 66, 83
2026/09/30 15:11:37.493, 2489, [N/A], 50.62, 66, 86
2026/09/30 15:11:38.494, 2483, [N/A], 50.91, 67, 81
2026/09/30 15:11:39.494, 2496, [N/A], 50.36, 66, 88
2026/09/30 15:11:40.495, 2489, [N/A], 51.96, 67, 91
2026/09/30 15:11:41.495, 2489, [N/A], 51.56, 67, 83
2026/09/30 15:11:42.495, 2489, [N/A], 51.30, 66, 86
2026/09/30 15:11:43.496, 2489, [N/A], 51.85, 67, 93
2026/09/30 15:11:44.497, 2489, [N/A], 52.28, 67, 92
2026/09/30 15:11:45.497, 2489, [N/A], 51.15, 67, 89
2026/09/30 15:11:46.497, 2489, [N/A], 52.30, 67, 89
2026/09/30 15:11:47.498, 2489, [N/A], 51.91, 67, 92
2026/09/30 15:11:48.498, 2489, [N/A], 52.43, 67, 87
2026/09/30 15:11:49.498, 2489, [N/A], 52.11, 67, 93
2026/09/30 15:11:50.499, 2489, [N/A], 52.25, 67, 96
2026/09/30 15:11:51.500, 2489, [N/A], 51.97, 67, 91
2026/09/30 15:11:52.500, 2489, [N/A], 51.78, 66, 95
2026/09/30 15:11:53.501, 2489, [N/A], 51.90, 66, 89
2026/09/30 15:11:54.501, 2489, [N/A], 52.01, 67, 90
2026/09/30 15:11:55.502, 2489, [N/A], 51.96, 66, 92
2026/09/30 15:11:56.502, 2489, [N/A], 52.02, 67, 90
2026/09/30 15:11:57.503, 2489, [N/A], 52.42, 66, 91
2026/09/30 15:11:58.504, 2489, [N/A], 52.00, 66, 93
2026/09/30 15:11:59.505, 2489, [N/A], 52.31, 67, 91
2026/09/30 15:12:00.505, 2496, [N/A], 51.82, 66, 87
2026/09/30 15:12:01.505, 2489, [N/A], 51.86, 66, 91
2026/09/30 15:12:02.506, 2489, [N/A], 51.92, 67, 88
2026/09/30 15:12:03.506, 2489, [N/A], 51.65, 67, 91
2026/09/30 15:12:04.506, 2489, [N/A], 51.69, 67, 91
2026/09/30 15:12:05.506, 2489, [N/A], 51.73, 66, 89
2026/09/30 15:12:06.507, 2489, [N/A], 52.15, 67, 92
2026/09/30 15:12:07.507, 2483, [N/A], 51.74, 67, 85
2026/09/30 15:12:08.508, 2489, [N/A], 50.99, 67, 91
2026/09/30 15:12:09.509, 2483, [N/A], 51.23, 66, 89
2026/09/30 15:12:10.509, 2483, [N/A], 50.82, 66, 87
2026/09/30 15:12:11.510, 2489, [N/A], 50.95, 65, 93
2026/09/30 15:12:12.511, 2489, [N/A], 51.28, 67, 81
2026/09/30 15:12:13.511, 2496, [N/A], 51.19, 65, 86
2026/09/30 15:12:14.512, 2489, [N/A], 50.78, 65, 85
2026/09/30 15:12:15.513, 2496, [N/A], 50.72, 65, 88
2026/09/30 15:12:16.513, 2489, [N/A], 51.10, 65, 87
2026/09/30 15:12:17.514, 2483, [N/A], 52.62, 67, 90
2026/09/30 15:12:18.515, 2489, [N/A], 50.65, 66, 88
2026/09/30 15:12:19.515, 2489, [N/A], 50.51, 66, 87
2026/09/30 15:12:20.516, 2489, [N/A], 50.98, 66, 86
2026/09/30 15:12:21.517, 2489, [N/A], 50.34, 65, 83
2026/09/30 15:12:22.517, 2411, [N/A], 24.66, 60, 0
2026/09/30 15:12:23.518, 2496, [N/A], 60.64, 67, 79
2026/09/30 15:12:24.519, 2496, [N/A], 55.56, 67, 94
2026/09/30 15:12:25.520, 2502, [N/A], 55.98, 67, 95
2026/09/30 15:12:26.521, 2496, [N/A], 57.86, 68, 90
2026/09/30 15:12:27.521, 2470, [N/A], 58.31, 68, 89
2026/09/30 15:12:28.522, 2496, [N/A], 56.13, 67, 91
2026/09/30 15:12:29.523, 2502, [N/A], 55.58, 69, 91
2026/09/30 15:12:30.524, 2502, [N/A], 55.55, 68, 91
2026/09/30 15:12:31.525, 2483, [N/A], 58.57, 72, 93
2026/09/30 15:12:32.525, 2496, [N/A], 57.40, 69, 91
2026/09/30 15:12:33.526, 2496, [N/A], 56.04, 67, 91
2026/09/30 15:12:34.527, 2502, [N/A], 56.00, 68, 92
2026/09/30 15:12:35.528, 2450, [N/A], 61.79, 68, 94
2026/09/30 15:12:36.528, 2496, [N/A], 55.54, 68, 92
2026/09/30 15:12:37.529, 2496, [N/A], 56.21, 68, 91
2026/09/30 15:12:38.530, 2496, [N/A], 55.89, 68, 91
2026/09/30 15:12:39.531, 2476, [N/A], 59.60, 68, 89
2026/09/30 15:12:40.531, 2502, [N/A], 56.57, 68, 91
2026/09/30 15:12:41.531, 2502, [N/A], 56.03, 68, 91
2026/09/30 15:12:42.531, 2496, [N/A], 56.90, 68, 93
2026/09/30 15:12:43.532, 2476, [N/A], 61.24, 71, 91
2026/09/30 15:12:44.533, 2496, [N/A], 60.70, 69, 91
2026/09/30 15:12:45.533, 2496, [N/A], 59.78, 68, 91
2026/09/30 15:12:46.533, 2502, [N/A], 57.85, 70, 93
2026/09/30 15:12:47.534, 2496, [N/A], 57.36, 68, 91
2026/09/30 15:12:48.534, 2476, [N/A], 59.68, 69, 90
2026/09/30 15:12:49.535, 2496, [N/A], 59.52, 69, 93
2026/09/30 15:12:50.535, 2496, [N/A], 59.75, 69, 96
2026/09/30 15:12:51.535, 2496, [N/A], 59.11, 69, 90
2026/09/30 15:12:52.536, 2457, [N/A], 61.98, 69, 89
2026/09/30 15:12:53.537, 2496, [N/A], 59.54, 69, 91
2026/09/30 15:12:54.537, 2496, [N/A], 59.17, 69, 93
2026/09/30 15:12:55.538, 2496, [N/A], 58.98, 69, 93
2026/09/30 15:12:56.539, 2489, [N/A], 63.91, 69, 73
2026/09/30 15:12:57.539, 2496, [N/A], 59.03, 69, 90
2026/09/30 15:12:58.540, 2496, [N/A], 60.12, 69, 93
2026/09/30 15:12:59.541, 2489, [N/A], 61.18, 72, 90
2026/09/30 15:13:00.541, 2496, [N/A], 61.05, 69, 94
2026/09/30 15:13:01.541, 2496, [N/A], 58.81, 69, 94
2026/09/30 15:13:02.542, 2496, [N/A], 59.01, 69, 89
2026/09/30 15:13:03.542, 2496, [N/A], 56.61, 67, 95
2026/09/30 15:13:04.543, 2489, [N/A], 63.94, 69, 96
2026/09/30 15:13:05.543, 2496, [N/A], 58.67, 69, 90
2026/09/30 15:13:06.544, 2496, [N/A], 59.29, 69, 92
2026/09/30 15:13:07.545, 2489, [N/A], 57.55, 69, 90
2026/09/30 15:13:08.545, 2489, [N/A], 65.06, 69, 92
2026/09/30 15:13:09.546, 2496, [N/A], 60.36, 69, 93
2026/09/30 15:13:10.547, 2496, [N/A], 58.88, 69, 92
2026/09/30 15:13:11.548, 2496, [N/A], 56.58, 66, 92
2026/09/30 15:13:12.549, 2496, [N/A], 63.88, 69, 89
2026/09/30 15:13:13.550, 2496, [N/A], 59.88, 70, 93
2026/09/30 15:13:14.550, 2496, [N/A], 59.47, 69, 95
2026/09/30 15:13:15.551, 2496, [N/A], 57.98, 68, 90
2026/09/30 15:13:16.552, 2483, [N/A], 61.98, 69, 73
2026/09/30 15:13:17.553, 2496, [N/A], 58.98, 69, 95
2026/09/30 15:13:18.554, 2496, [N/A], 59.15, 70, 90
2026/09/30 15:13:19.554, 2496, [N/A], 58.90, 69, 93
2026/09/30 15:13:20.555, 2470, [N/A], 60.31, 70, 89
2026/09/30 15:13:21.556, 2496, [N/A], 59.04, 69, 89
2026/09/30 15:13:22.557, 2496, [N/A], 59.76, 69, 91
2026/09/30 15:13:23.557, 2496, [N/A], 58.83, 69, 92
2026/09/30 15:13:24.558, 2411, [N/A], 39.10, 61, 94
2026/09/30 15:13:25.559, 2411, [N/A], 13.98, 60, 0
2026/09/30 15:13:26.559, 2411, [N/A], 14.75, 60, 13
