{
  "512": {
    "o1_latencies_s": [
      0.19291801300005318
    ],
    "o257_latencies_s": [
      10.266159955000148
    ],
    "o1_mean_s": 0.19291801300005318,
    "o257_mean_s": 10.266159955000148,
    "prefill_tps_approx": 2653.9771586796246,
    "decode_tps_delta": 25.413863925238935,
    "gpu_memory_utilization": 0.6
  }
}
